"COD_CEP";"LIB_CEP";"COU_CEP";"DAT_DER_MAJ";"COD_CATCEP";"COD_CEP_P";"INDIC_EXPCEP";"COD_TYPDEST_CEP"
"0000";"SANS VIGNE";"";"26/04/2007 11:14:11";"";"";"";""
"0103";"BESOUL KHADEM RG";"5";"";"G";"";"O";"TABLE"
"0107";"AHMEUR B AHMEUR RG";"5";"";"G";"";"O";"TABLE"
"0115";"ASPIRAN NOIR N";"2";"";"G";"";"N";"TABLE"
"0117";"BICANE B";"1";"";"G";"";"N";"TABLE"
"0131";"DALMASSO VI 6 B";"1";"";"G";"";"O";"TABLE"
"0135";"DANUGUE N";"2";"";"G";"";"O";"TABLE"
"0137";"FOSTER'S W SEEDL.B";"1";"";"G";"";"O";"TABLE"
"0141";"FRANKENTHAL N";"2";"";"G";"";"O";"TABLE"
"0143";"EPARSE B";"1";"";"G";"";"N";"TABLE"
"0145";"GIBI B";"1";"";"G";"";"O";"TABLE"
"0155";"LIGNAN B";"1";"";"G";"";"N";"TABLE"
"0161";"KHALILI B";"1";"";"G";"";"O";"TABLE"
"0163";"LUCIEN BALTET N";"2";"";"G";"";"N";"TABLE"
"0203";"MUSCAT TERRACINA B";"1";"";"G";"";"N";"TABLE"
"0211";"MME J.MATHIASZ RS";"3";"";"G";"";"N";"TABLE"
"0231";"PANSE PROVENCE B";"1";"";"G";"";"N";"TABLE"
"0241";"PRUNE DE CAZOULS N";"2";"";"G";"";"N";"TABLE"
"0245";"CALABRE B";"1";"";"G";"";"N";"TABLE"
"0301";"ANGELO PIROVANO RS";"3";"";"G";"";"O";"TABLE"
"0303";"TERMIDORO B";"1";"";"G";"";"O";"TABLE"
"0305";"DELIZ. DI VAPRIO B";"1";"";"G";"";"O";"TABLE"
"0311";"PERLONA B";"1";"";"G";"";"O";"TABLE"
"0313";"CICLOPICA B";"1";"";"G";"";"O";"TABLE"
"0317";"SULTANA MOSCATA B";"1";"";"G";"";"O";"TABLE"
"0321";"BARBABLEU N";"2";"";"G";"";"N";"TABLE"
"0323";"PIROVANO 86 A N";"2";"";"G";"";"O";"TABLE"
"0325";"AURORA RS";"3";"";"G";"";"O";"TABLE"
"0327";"ANGELO LONGO B";"1";"";"G";"";"O";"TABLE"
"0331";"VOLTA N";"2";"";"G";"";"O";"TABLE"
"0337";"MARIA PIROVANO B";"1";"";"G";"";"O";"TABLE"
"0341";"RODI RS";"3";"";"G";"";"O";"TABLE"
"0345";"MARENGO B";"1";"";"G";"";"O";"TABLE"
"0351";"FORMOSA N";"2";"";"G";"";"O";"TABLE"
"0363";"SUAVIS B";"1";"";"G";"";"O";"TABLE"
"0367";"SANTA BARBARA RS";"3";"";"G";"";"O";"TABLE"
"0375";"DIAMANTE NERO N";"2";"";"G";"";"O";"TABLE"
"0377";"ARTURO MARESCAL.RG";"5";"";"G";"";"O";"TABLE"
"0401";"SABALKANSKOI RG";"5";"";"G";"";"O";"TABLE"
"0403";"SAN MARTINO B";"1";"";"G";"";"O";"TABLE"
"0405";"SANTA PAULA B";"1";"";"G";"";"O";"TABLE"
"0443";"FLAMING ROSE RS";"3";"";"G";"";"O";"TABLE"
"0700";"TABLE DIVERS";"6";"";"G";"";"N";"TABLE"
"0701";"ADMIRABLE COURT.B";"1";"";"G";"";"N";"TABLE"
"0703";"ALPHON.LAVALLEE N";"2";"";"G";"";"N";"TABLE"
"0704";"ATTIKI N";"2";"12/09/2003 17:13:37";"G";"";"";"TABLE"
"0705";"MAD.ANGE.OBERLIN B";"1";"";"G";"";"N";"TABLE"
"0707";"CARDINAL RG";"5";"";"G";"";"N";"TABLE"
"0708";"CENTENNIAL SEEDL B";"1";"04/03/2005 12:43:48";"G";"";"";"TABLE"
"0709";"DABOUKI B";"1";"";"G";"";"N";"TABLE"
"0711";"DATTIER BEYROUTH B";"1";"";"G";"";"N";"TABLE"
"0715";"JAOUMET B";"1";"";"G";"";"N";"TABLE"
"0717";"MADELEINES B";"1";"";"G";"";"N";"TABLE"
"0719";"MADEL.ANGEVINE B";"1";"";"G";"";"N";"TABLE"
"0721";"MADELEINE CELINE B";"1";"";"G";"";"N";"TABLE"
"0722";"MADEL. CLERMONT B";"";"16/06/2009 16:08:28";"G";"";"";"TABLE"
"0725";"MADELEINE ROYALE B";"1";"";"G";"";"N";"TABLE"
"0727";"MIREILLE B";"1";"";"G";"";"N";"TABLE"
"0728";"MUSCAT G CALMETTE ";"";"26/05/2011 11:14:01";"G";"";"";"TABLE"
"0729";"MUSCATS DIV.TAB.";"6";"";"G";"";"N";"TABLE"
"0730";"MUSCAT DE SAUMUR";"";"18/05/2009 10:26:52";"G";"";"";"TABLE"
"0731";"MUSCAT ALEXANDR. B";"1";"10/04/2002";"G";"";"N";"TABLE"
"0732";"MUSCAT LIERVAL";"";"18/05/2009 10:27:51";"G";"";"";"TABLE"
"0733";"MUSCAT HAMBOURG N";"2";"10/04/2002";"G";"";"N";"TABLE"
"0734";"MUSC. RG MADERE RG";"";"22/05/2009 10:18:24";"G";"";"";"TABLE"
"0735";"REINE DES VIGNES B";"1";"";"G";"";"N";"TABLE"
"0736";"MUSCAT BLEU";"";"26/05/2011 10:14:15";"G";"";"";"TABLE"
"0737";"OLIVETTES";"6";"";"G";"";"N";"TABLE"
"0739";"OLIVETTE BLANCHE B";"1";"";"G";"";"N";"TABLE"
"0745";"OLIVETTE NOIRE N";"2";"";"G";"";"N";"TABLE"
"0746";"ALVINA NOIR";"2";"";"G";"";"N";"TABLE"
"0747";"PERLE DE CSABA B";"1";"";"G";"";"N";"TABLE"
"0748";"CARLA N";"2";"10/04/2002";"G";"";"N";"TABLE"
"0749";"ITALIA B";"1";"";"G";"";"N";"TABLE"
"0750";"DANUTA B";"1";"04/02/2003 10:10:13";"G";"";"N";"TABLE"
"0751";"SERVANT B";"1";"10/04/2002";"G";"";"N";"TABLE"
"0752";"EXALTA B";"1";"";"G";"";"N";"TABLE"
"0753";"PANSE PRECOCE B";"1";"";"G";"";"N";"TABLE"
"0754";"MADINA B";"1";"";"G";"";"N";"TABLE"
"0755";"SULTANINE B";"1";"";"G";"";"N";"TABLE"
"0756";"CANNER SEEDLESS B";"1";"";"G";"";"N";"TABLE"
"0757";"VALENSI N";"2";"";"G";"";"N";"TABLE"
"0758";"ITALIA RUBI RG";"5";"13/11/2009 11:11:06";"G";"";"";"TABLE"
"0759";"MICHEL TOMPA B";"1";"";"G";"";"N";"TABLE"
"0760";"SERNA INTA RS";"";"20/05/2010 17:22:13";"G";"";"";"TABLE"
"0763";"CHASSELAS B";"1";"10/04/2002";"G";"";"N";"TABLE"
"0765";"CHASSEL.CIOUTAT B";"1";"";"G";"";"N";"TABLE"
"0766";"CHASSELAS MUSCAT B";"1";"13/04/2006 15:34:21";"G";"";"";"TABLE"
"0767";"CHASSELAS ROSE RS";"3";"10/04/2002";"G";"";"N";"TABLE"
"0769";"CHASSEL.VIOLET RG";"5";"";"G";"";"N";"TABLE"
"0770";"ORA B";"1";"";"G";"";"N";"TABLE"
"0771";"OEILLADE N";"2";"";"G";"";"N";"TABLE"
"0772";"SULIMA B";"1";"";"G";"";"N";"TABLE"
"0773";"VICTORIA B";"";"22/10/2008 15:53:56";"G";"";"";"TABLE"
"0774";"PRIMA N";"2";"";"G";"";"N";"TABLE"
"0776";"ISA B";"1";"";"G";"";"N";"TABLE"
"0779";"PERLETTE B";"1";"";"G";"";"N";"TABLE"
"0781";"DATT.ST.VALLIER B";"1";"";"G";"";"N";"TABLE"
"0783";"MUSC.ST.VALLIER B";"1";"";"G";"";"N";"TABLE"
"0785";"DANAM B";"1";"";"G";"";"N";"TABLE"
"0787";"DANLAS B";"1";"";"G";"";"N";"TABLE"
"0789";"DATAL B";"1";"";"G";"";"N";"TABLE"
"0791";"LIVAL N";"2";"";"G";"";"N";"TABLE"
"0793";"PERLAUT B";"1";"";"G";"";"N";"TABLE"
"0795";"RIBOL N";"2";"";"G";"";"N";"TABLE"
"0796";"ROI DES PRECOCES";"";"26/05/2011 10:08:04";"G";"";"";"TABLE"
"0797";"IGNEA RS";"3";"";"G";"";"N";"TABLE"
"0798";"VERJUS";"";"26/05/2011 10:06:55";"G";"";"";"TABLE"
"0799";"DELRHO N";"2";"";"G";"";"N";"TABLE"
"0801";"ALADIN N";"2";"10/04/2002";"G";"";"N";"TABLE"
"0802";"AMANDIN B";"1";"10/04/2002";"G";"";"N";"TABLE"
"0803";"CANDIN";"1";"10/04/2002";"G";"";"N";"TABLE"
"0804";"PERDIN B";"1";"10/04/2002";"G";"";"N";"TABLE"
"0805";"ALVAL N";"2";"06/12/2004 16:28:12";"G";"";"";"TABLE"
"0806";"CORINTHE B";"1";"16/10/2006 08:56:26";"G";"";"";"TABLE"
"0807";"CORINTHE N";"2";"16/10/2006 08:56:26";"G";"";"";"TABLE"
"0899";"DIV. TABLE EXPER";"";"26/06/2002 11:20:57";"G";"";"";"TABLE"
"0901";"ALEDO B";"1";"";"G";"";"N";"TABLE"
"0908";"DON MARIANO RG";"5";"";"G";"";"O";"TABLE"
"0914";"RED GLOBE R";"2";"10/04/2002";"G";"";"O";"TABLE"
"0931";"FLAME SEEDLESS RS";"3";"";"G";"";"O";"TABLE"
"0932";"CRIMSON SEEDLESS ";"";"09/06/2010 10:07:35";"G";"";"O";"TABLE"
"0970";"OHANES B";"1";"";"G";"";"O";"TABLE"
"0999";"DIV. TABLE ETRAN.";"";"26/06/2002 11:20:57";"G";"";"O";"TABLE"
"1000";"DIVERS CUVE";"6";"26/06/2002 11:20:57";"G";"";"N";"CUVE"
"1005";"DIVERS CUVE B";"1";"26/06/2002 11:20:57";"G";"";"N";"CUVE"
"1010";"DIVERS CUVE N";"2";"26/06/2002 11:20:57";"G";"";"N";"CUVE"
"1011";"ABOURIOU N";"2";"";"G";"";"N";"CUVE"
"1020";"ALICANTE H.BOUS.N";"2";"";"G";"";"N";"CUVE"
"1031";"ALIGOTE B";"1";"";"G";"";"N";"CUVE"
"1041";"ALTESSE B";"1";"";"G";"";"N";"CUVE"
"1051";"ARAMON BLANC B";"1";"";"G";"";"N";"CUVE"
"1053";"ARAMON GRIS G";"4";"";"G";"";"N";"CUVE"
"1055";"ARAMON N";"2";"";"G";"";"N";"CUVE"
"1061";"AUBUN N";"2";"";"G";"";"N";"CUVE"
"1071";"BAROQUE B";"1";"";"G";"";"N";"CUVE"
"1081";"BOUCHALES N";"2";"";"G";"";"N";"CUVE"
"1091";"BOURBOULENC B";"1";"";"G";"";"N";"CUVE"
"1101";"CABERNET FRANC N";"2";"";"G";"";"N";"CUVE"
"1111";"CABER.SAUVIGNON N";"2";"";"G";"";"N";"CUVE"
"1111";"CABERNET SAUVIGNON N";"2";"";"G";"";"N";"CUVE"
"1121";"CALITOR BLANC B";"1";"";"G";"";"N";"CUVE"
"1123";"CALITOR GRIS G";"4";"";"G";"";"N";"CUVE"
"1125";"CALITOR NOIR N";"2";"";"G";"";"N";"CUVE"
"1131";"CARIGNAN BLANC B";"1";"";"G";"";"N";"CUVE"
"1133";"CARIGNAN GRIS G";"4";"";"G";"";"N";"CUVE"
"1135";"CARIGNAN N";"2";"";"G";"";"N";"CUVE"
"1141";"CHARDONNAY B";"1";"";"G";"";"N";"CUVE"
"1143";"CHASAN B";"1";"";"G";"";"N";"CUVE"
"1151";"CHASSELAS B";"1";"";"G";"";"N";"CUVE"
"1153";"CHASSEL. CIOUTAT B";"";"16/06/2009 15:50:33";"G";"";"";"CUVE"
"1155";"CHASSELAS ROSE RS";"3";"";"G";"";"N";"CUVE"
"1156";"CHASSELAS N";"2";"31/01/2006 09:29:31";"G";"";"";"TABLE"
"1159";"CHENANSON N";"2";"";"G";"";"N";"CUVE"
"1161";"CHENIN B";"1";"";"G";"";"N";"CUVE"
"1171";"CINSAUT N";"2";"";"G";"";"N";"CUVE"
"1181";"CLAIRETTE B";"1";"";"G";"";"N";"CUVE"
"1185";"CLAIRETTE ROSE RS";"3";"";"G";"";"N";"CUVE"
"1191";"COLOMBARD B";"1";"";"G";"";"N";"CUVE"
"1193";"COUNOISE N";"2";"";"G";"";"N";"CUVE"
"1201";"FOLLE BLANCHE B";"1";"";"G";"";"N";"CUVE"
"1205";"FOLIGNAN B";"1";"01/02/2002 10:19:14";"G";"";"N";"CUVE"
"1221";"GAMAY N";"2";"";"G";"";"N";"CUVE"
"1230";"GAMAY TEINTURIER";"2";"31/05/2006 14:58:09";"G";"";"N";"CUVE"
"1231";"GAMAY T.BOUZE N";"2";"";"G";"";"N";"CUVE"
"1233";"GAMAY T.FREAUX N";"2";"";"G";"";"N";"CUVE"
"1235";"GAMAY CHAUDENAY N";"2";"";"G";"";"N";"CUVE"
"1237";"GANSON N";"2";"";"G";"";"N";"CUVE"
"1241";"G.N. LA CALMETTE N";"2";"";"G";"";"N";"CUVE"
"1245";"LLEDONER PELUT N";"2";"";"G";"";"N";"CUVE"
"1247";"GRAMON N";"2";"";"G";"";"N";"CUVE"
"1251";"GRENACHE BLANC B";"1";"";"G";"";"N";"CUVE"
"1253";"GRENACHE GRIS G";"4";"";"G";"";"N";"CUVE"
"1255";"GRENACHE N";"2";"";"G";"";"N";"CUVE"
"1261";"GROLLEAU N";"2";"";"G";"";"N";"CUVE"
"1263";"GROLLEAU GRIS G";"4";"";"G";"";"N";"CUVE"
"1265";"GROS VERT B";"1";"31/05/2006 15:01:13";"G";"";"N";"CUVE"
"1271";"JACQUERE B";"1";"";"G";"";"N";"CUVE"
"1291";"JURANCON BLANC B";"1";"";"G";"";"N";"CUVE"
"1301";"JURANCON NOIR N";"2";"";"G";"";"N";"CUVE"
"1311";"MACABEU B";"1";"";"G";"";"N";"CUVE"
"1321";"COT N";"2";"";"G";"";"N";"CUVE"
"1335";"TOURBAT B";"1";"";"G";"";"N";"CUVE"
"1341";"MARSANNE B";"1";"";"G";"";"N";"CUVE"
"1351";"MAUZAC B";"1";"";"G";"";"N";"CUVE"
"1353";"MAUZAC ROSE RS";"3";"";"G";"";"N";"CUVE"
"1355";"MAUZAC NOIR N";"2";"";"G";"";"N";"CUVE"
"1361";"MERILLE N";"2";"";"G";"";"N";"CUVE"
"1371";"MERLOT BLANC B";"1";"";"G";"";"N";"CUVE"
"1373";"MERLOT N";"2";"";"G";"";"N";"CUVE"
"1381";"MESLIER ST.FRANC.B";"1";"";"G";"";"N";"CUVE"
"1383";"PETIT MESLIER B";"1";"";"G";"";"N";"CUVE"
"1391";"MEUNIER N";"2";"";"G";"";"N";"CUVE"
"1401";"MONBADON B";"1";"";"G";"";"N";"CUVE"
"1411";"MONDEUSE BLANCHE B";"1";"";"G";"";"N";"CUVE"
"1413";"MONDEUSE GRISE G";"4";"";"G";"";"N";"CUVE"
"1415";"MONDEUSE N";"2";"";"G";"";"N";"CUVE"
"1421";"GROS MORRAS.BOUS.N";"2";"";"G";"";"N";"CUVE"
"1431";"MUSCADELLE B";"1";"";"G";"";"N";"CUVE"
"1441";"MELON B";"1";"";"G";"";"N";"CUVE"
"1443";"MONERAC N";"2";"";"G";"";"N";"CUVE"
"1445";"MUSCAT HAMBOURG N";"2";"";"G";"";"N";"CUVE"
"1447";"MUSCAT ALEXANDR. B";"1";"";"G";"";"N";"CUVE"
"1449";"MUSCAT G CALMETTE";"";"26/05/2011 11:16:42";"G";"";"";"CUVE"
"1450";"MUSCATS DIV.CUV.";"6";"";"G";"";"N";"CUVE"
"1453";"MUSC.PTS.GRAINS B";"1";"";"G";"";"N";"CUVE"
"1455";"MUSCAT OTTONEL B";"1";"";"G";"";"N";"CUVE"
"1457";"MUSC.PTS.GR.RGE.RG";"5";"";"G";"";"N";"CUVE"
"1459";"MUSCAT CENDRE B";"1";"22/07/2010 14:26:27";"G";"";"N";"CUVE"
"1461";"NEGRETTE N";"2";"23/01/2009 16:15:25";"G";"";"N";"CUVE"
"1471";"ONDENC B";"1";"";"G";"";"N";"CUVE"
"1481";"PETIT BOUSCHET N";"2";"";"G";"";"N";"CUVE"
"1491";"PINEAU D'AUNIS N";"2";"";"G";"";"N";"CUVE"
"1503";"PINOT BLANC B";"1";"";"G";"";"N";"CUVE"
"1507";"PINOT GRIS G";"4";"";"G";"";"N";"CUVE"
"1511";"PINOT NOIR N";"2";"";"G";"";"N";"CUVE"
"1513";"SAINT LAURENT N";"2";"";"G";"";"N";"CUVE"
"1515";"PINOT PRECOCE N";"2";"";"G";"";"N";"CUVE"
"1521";"PIQUEPOUL BLANC B";"1";"";"G";"";"N";"CUVE"
"1523";"PIQUEPOUL BOUSCH.N";"2";"";"G";"";"N";"CUVE"
"1525";"PIQUEPOUL GRIS G";"4";"";"G";"";"N";"CUVE"
"1527";"PIQUEPOUL NOIR N";"2";"";"G";"";"N";"CUVE"
"1531";"PORTUGAIS BLEU N";"2";"";"G";"";"N";"CUVE"
"1533";"PORTAN N";"2";"";"G";"";"N";"CUVE"
"1541";"GRAISSE B";"1";"";"G";"";"N";"CUVE"
"1551";"POULSARD BLANC B";"1";"";"G";"";"N";"CUVE"
"1553";"POULSARD N";"2";"";"G";"";"N";"CUVE"
"1555";"PRECOCE MALINGRE B";"1";"";"G";"";"N";"CUVE"
"1558";"ROSE DU VAR RS";"3";"31/05/2006 15:16:33";"G";"";"";"CUVE"
"1561";"SAUVIGNON B";"1";"";"G";"";"N";"CUVE"
"1563";"SAUVIGNON ROSE RS";"3";"";"G";"";"N";"CUVE"
"1565";"SAUVIGNON ROUGE RG";"5";"";"G";"";"N";"CUVE"
"1567";"SAUVIGNON GRIS G";"4";"";"G";"";"N";"CUVE"
"1571";"SAVAGNIN BLANC B";"1";"";"G";"";"N";"CUVE"
"1573";"SAVAGNIN ROSE RS";"3";"";"G";"";"N";"CUVE"
"1575";"GEWURZTRAMINER RS";"3";"";"G";"";"N";"CUVE"
"1581";"SEMILLON B";"1";"";"G";"";"N";"CUVE"
"1583";"SERVANT B";"1";"";"G";"";"N";"CUVE"
"1591";"SYRAH N";"2";"";"G";"";"N";"CUVE"
"1601";"TANNAT N";"2";"";"G";"";"N";"CUVE"
"1611";"TERRET BLANC B";"1";"";"G";"";"N";"CUVE"
"1613";"TERRET GRIS G";"4";"";"G";"";"N";"CUVE"
"1615";"TERRET NOIR N";"2";"";"G";"";"N";"CUVE"
"1623";"TIBOUREN N";"2";"";"G";"";"N";"CUVE"
"1631";"UGNI BLANC B";"1";"";"G";"";"N";"CUVE"
"1641";"VALDIGUIE N";"2";"";"G";"";"N";"CUVE"
"1651";"VIOGNIER B";"1";"";"G";"";"N";"CUVE"
"1661";"PETIT MANSENG B";"1";"09/02/2009 10:12:37";"G";"";"N";"CUVE"
"1663";"GR.MANSENG BLANC B";"1";"";"G";"";"N";"CUVE"
"1663";"GROS MANSENG B";"1";"";"G";"";"N";"CUVE"
"1665";"MANSENG NOIR N";"2";"";"G";"";"N";"CUVE"
"1673";"PETIT VERDOT N";"2";"";"G";"";"N";"CUVE"
"1675";"GROS VERDOT N";"2";"";"G";"";"N";"CUVE"
"1681";"ODOLA N";"2";"";"G";"";"N";"CUVE"
"1683";"EGIODOLA N";"2";"";"G";"";"N";"CUVE"
"1685";"ARINARNOA N";"2";"";"G";"";"N";"CUVE"
"1689";"LILIORILA B";"1";"";"G";"";"N";"CUVE"
"1693";"PERDEA B";"1";"";"G";"";"N";"CUVE"
"1697";"SEGALIN N";"2";"";"G";"";"N";"CUVE"
"1699";"SEMEBAT N";"2";"";"G";"";"N";"CUVE"
"1701";"ARRILOBA B";"1";"";"G";"";"N";"CUVE"
"1705";"CALADOC N";"2";"";"G";"";"N";"CUVE"
"1707";"CLARIN B";"1";"";"G";"";"N";"CUVE"
"1709";"EDERENA N";"2";"";"G";"";"N";"CUVE"
"1711";"ARANEL B";"1";"";"G";"";"N";"CUVE"
"1713";"MARSELAN N";"";"28/03/2002 16:59:26";"G";"";"N";"CUVE"
"1715";"EKIGAINA";"6";"";"G";"";"N";"CUVE"
"1717";"BIANCU GENTILE B";"1";"";"G";"";"N";"CUVE"
"1719";"MURESCOLA N";"2";"";"G";"";"N";"CUVE"
"1721";"MURESCONU N";"2";"";"G";"";"N";"CUVE"
"2001";"ABONDANT B";"1";"";"G";"";"N";"CUVE"
"2003";"ARAMON BOUSCHET N";"2";"";"G";"";"N";"CUVE"
"2005";"ARBANE B";"1";"";"G";"";"N";"CUVE"
"2007";"ORBOIS B";"1";"04/02/2003 10:10:13";"G";"";"N";"CUVE"
"2011";"ARGANT N";"2";"";"G";"";"N";"CUVE"
"2013";"ARROUYA N";"2";"";"G";"";"N";"CUVE"
"2015";"ARRUFIAC B";"1";"";"G";"";"N";"CUVE"
"2017";"ASPIRAN BLANC B";"1";"";"G";"";"N";"CUVE"
"2021";"ASPIRAN BOUSCHET N";"2";"";"G";"";"N";"CUVE"
"2023";"ASPIRAN GRIS G";"4";"";"G";"";"N";"CUVE"
"2025";"AUBIN B";"1";"";"G";"";"N";"CUVE"
"2027";"AUBIN VERT B";"1";"";"G";"";"N";"CUVE"
"2031";"AUXERROIS B";"1";"";"G";"";"N";"CUVE"
"2033";"BALZAC BLANC B";"1";"";"G";"";"N";"CUVE"
"2035";"BARBAROUX RS";"3";"";"G";"";"N";"CUVE"
"2037";"PETIT BECLAN N ";"2";"16/06/2009 15:50:33";"G";"";"N";"CUVE"
"2038";"BECLAN N";"2";"21/01/2011 16:39:03";"G";"";"";"CUVE"
"2041";"BENICARLO N";"2";"";"G";"";"N";"CUVE"
"2043";"BEQUIGNOL N";"2";"";"G";"";"N";"CUVE"
"2045";"BIA B";"1";"";"G";"";"N";"CUVE"
"2047";"BLANC DAME B";"1";"";"G";"";"N";"CUVE"
"2051";"BOBAL N";"2";"";"G";"";"N";"CUVE"
"2055";"BOUILLET N";"2";"";"G";"";"N";"CUVE"
"2057";"BOUQUET B";"1";"";"G";"";"N";"CUVE"
"2059";"BOUQUETTRAUBE B";"";"23/01/2009 16:19:26";"G";"";"";"CUVE"
"2063";"CARCAJOLO NOIR N";"2";"";"G";"";"N";"CUVE"
"2065";"BOUTEILLAN NOIR N";"2";"";"G";"";"N";"CUVE"
"2071";"BRACHET N";"2";"";"G";"";"N";"CUVE"
"2073";"EXBRAYAT N";"2";"";"G";"";"N";"CUVE"
"2075";"BREGIN N";"2";"";"G";"";"N";"CUVE"
"2077";"BRUN ARGENTE N";"2";"";"G";"";"N";"CUVE"
"2081";"BRUN FOURCA N";"2";"";"G";"";"N";"CUVE"
"2085";"CABERNET MALBEC4 N";"2";"";"G";"";"N";"CUVE"
"2087";"CAMARALET B";"1";"19/07/2010 15:38:25";"G";"";"N";"CUVE"
"2091";"CAMARAOU BLANC B";"1";"";"G";"";"N";"CUVE"
"2093";"CAMARAOU NOIR N";"2";"";"G";"";"N";"CUVE"
"2095";"CANARI N";"2";"";"G";"";"N";"CUVE"
"2097";"CARCAJOLO BLANC B";"1";"";"G";"";"N";"CUVE"
"2101";"CARIGNAN BOUSCH.N";"2";"";"G";"";"N";"CUVE"
"2103";"CARMENERE N";"2";"";"G";"";"N";"CUVE"
"2105";"CASTETS N";"2";"";"G";"";"N";"CUVE"
"2107";"CEP ROUGE N";"2";"";"G";"";"N";"CUVE"
"2111";"CESAR N";"2";"";"G";"";"N";"CUVE"
"2117";"CHAOUCH ROSE RS";"3";"";"G";"";"N";"CUVE"
"2121";"CHATUS N";"2";"";"G";"";"N";"CUVE"
"2125";"CLAVERIE B";"1";"";"G";"";"N";"CUVE"
"2127";"BOUTEILLAN BLANC B";"1";"";"G";"";"N";"CUVE"
"2131";"CORBEAU N";"2";"";"G";"";"N";"CUVE"
"2133";"CORNICHON BLANC ";"";"18/05/2009 10:23:45";"G";"";"";""
"2135";"CORNICHON VIOLET N";"2";"";"G";"";"N";"CUVE"
"2137";"COT DE CHERAGAS N";"2";"";"G";"";"N";"CUVE"
"2141";"COURBU B";"1";"";"G";"";"N";"CUVE"
"2143";"DURAS N";"2";"";"G";"";"N";"CUVE"
"2145";"DUREZA N";"2";"";"G";"";"N";"CUVE"
"2147";"DURIF N";"2";"";"G";"";"N";"CUVE"
"2151";"ELBLING B";"1";"";"G";"";"N";"CUVE"
"2155";"ENFARINE N";"2";"";"G";"";"N";"CUVE"
"2157";"ESPANENC";"1";"19/08/2009 16:52:57";"G";"";"N";"CUVE"
"2161";"ETRAIRE D.LA DUI N";"2";"";"G";"";"N";"CUVE"
"2163";"FARANAH B";"1";"";"G";"";"N";"CUVE"
"2165";"FER N";"2";"";"G";"";"N";"CUVE"
"2166";"FERRADOU N";"2";"21/01/2011 16:43:45";"G";"";"";"CUVE"
"2167";"FEUNATE N";"2";"";"G";"";"N";"CUVE"
"2171";"FUELLA NERA N";"2";"";"G";"";"N";"CUVE"
"2173";"FRANC N.HTE.SAO. N";"2";"";"G";"";"N";"CUVE"
"2175";"BACHET N";"2";"";"G";"";"N";"CUVE"
"2177";"ABONDANCE N";"2";"";"G";"";"N";"CUVE"
"2181";"GAMAY PRECOCE N";"2";"";"G";"";"N";"CUVE"
"2183";"GARBESSO B";"1";"";"G";"";"N";"CUVE"
"2185";"GASCON N";"2";"";"G";"";"N";"CUVE"
"2187";"GENOVESE B";"1";"";"G";"";"N";"CUVE"
"2191";"GIBERT N";"2";"";"G";"";"N";"CUVE"
"2193";"GOLDRIESLING B";"1";"";"G";"";"N";"CUVE"
"2195";"GOUAIS B";"1";"";"G";"";"N";"CUVE"
"2201";"GOUGET N";"2";"";"G";"";"N";"CUVE"
"2211";"GREC RS";"3";"";"G";"";"N";"CUVE"
"2213";"GENOUILLET N";"2";"";"G";"";"N";"CUVE"
"2215";"GROS BEC N";"2";"";"G";"";"N";"CUVE"
"2223";"DOBRELABI N";"2";"";"G";"";"N";"CUVE"
"2225";"GLACIERE RG";"5";"";"G";"";"N";"CUVE"
"2231";"GUEUCHE N";"2";"";"G";"";"N";"CUVE"
"2233";"GUILLEMOT B";"1";"";"G";"";"N";"CUVE"
"2237";"HIBOU N";"2";"";"G";"";"N";"CUVE"
"2240";"INRA 83-81 N";"2";"27/03/2006 09:33:21";"G";"";"";"CUVE"
"2245";"JOUBERTIN N";"2";"";"G";"";"N";"CUVE"
"2247";"KNIPPERLE B";"1";"";"G";"";"N";"CUVE"
"2251";"LIMBERGER N";"2";"";"G";"";"N";"CUVE"
"2253";"LAUZET B";"1";"";"G";"";"N";"CUVE"
"2255";"LASCA N";"2";"";"G";"";"N";"CUVE"
"2257";"LEN DE L'EL B";"1";"";"G";"";"N";"CUVE"
"2261";"LIGNAGE N";"2";"";"G";"";"N";"CUVE"
"2263";"LISTAN B";"1";"";"G";"";"N";"CUVE"
"2271";"MANCIN N";"2";"";"G";"";"N";"CUVE"
"2277";"MANSONNET N";"2";"";"G";"";"N";"CUVE"
"2281";"MAROCAIN NOIR N";"2";"";"G";"";"N";"CUVE"
"2283";"MILGRANET N";"2";"";"G";"";"N";"CUVE"
"2285";"MOLETTE B";"1";"";"G";"";"N";"CUVE"
"2287";"MOLINERA GORDA RG";"5";"";"G";"";"N";"CUVE"
"2291";"MOLLARD N";"2";"";"G";"";"N";"CUVE"
"2293";"MONTILS B";"1";"";"G";"";"N";"CUVE"
"2295";"MORNEN N";"2";"";"G";"";"N";"CUVE"
"2297";"MORRASTEL N";"2";"";"G";"";"N";"CUVE"
"2303";"MOURVAISON N";"2";"";"G";"";"N";"CUVE"
"2305";"MOURVEDRE N";"2";"";"G";"";"N";"CUVE"
"2311";"MOUYSSAGUES N";"2";"";"G";"";"N";"CUVE"
"2313";"MULLER THURGAU B";"1";"";"G";"";"N";"CUVE"
"2315";"MUSCARDIN N";"2";"";"G";"";"N";"CUVE"
"2316";"MUSCAT CENDRE B";"";"23/01/2009 16:20:17";"G";"";"";"CUVE"
"2319";"NEGRET BANHARS N";"";"23/01/2009 16:15:25";"G";"";"";"CUVE"
"2323";"NIELLUCCIO N";"2";"";"G";"";"N";"CUVE"
"2325";"NOIR FLEURIEN N";"2";"";"G";"";"N";"CUVE"
"2327";"NOIR HAT.MARSEIL.N";"2";"";"G";"";"N";"CUVE"
"2331";"NOUAL B";"1";"";"G";"";"N";"CUVE"
"2333";"OEILLADE BOUSCHE.N";"2";"";"G";"";"N";"CUVE"
"2337";"PAGADEBITI B";"1";"";"G";"";"N";"CUVE"
"2341";"PARDOTTE N";"2";"";"G";"";"N";"CUVE"
"2343";"PASCAL B";"1";"";"G";"";"N";"CUVE"
"2345";"PEDRO XIMENEZ B";"1";"22/06/2007 10:26:12";"G";"";"";"CUVE"
"2351";"PELOURSIN N";"2";"";"G";"";"N";"CUVE"
"2353";"PERSAN N";"2";"";"G";"";"N";"CUVE"
"2355";"RIBIER N";"2";"";"G";"";"N";"CUVE"
"2361";"PEURION B";"1";"";"G";"";"N";"CUVE"
"2363";"PICARDAN BLANC";"1";"12/04/2006 14:33:06";"G";"";"N";"CUVE"
"2364";"PICARDAN NOIR";"2";"12/04/2006 14:33:06";"G";"";"";"CUVE"
"2370";"PLANT DE BRUNEL";"";"22/01/2010 17:18:02";"G";"";"";"CUVE"
"2371";"COUSTON N";"";"20/05/2010 17:18:08";"G";"";"";"CUVE"
"2373";"PLANT DROIT N";"2";"";"G";"";"N";"CUVE"
"2381";"POUGNET N";"2";"";"G";"";"N";"CUVE"
"2383";"PRECOCE BOUSQUET B";"1";"";"G";"";"N";"CUVE"
"2385";"PROVAREAU N";"2";"";"G";"";"N";"CUVE"
"2387";"PRUNELARD N";"2";"";"G";"";"N";"CUVE"
"2391";"PUTZSCHEERE B";"1";"";"G";"";"N";"CUVE"
"2393";"RAFFIAT MONCADE B";"1";"";"G";"";"N";"CUVE"
"2395";"RAISAINE B";"1";"";"G";"";"N";"CUVE"
"2397";"RAUSCHLING B";"1";"";"G";"";"N";"CUVE"
"2403";"RIESLING B";"1";"";"G";"";"N";"CUVE"
"2405";"RIMINESE B";"1";"";"G";"";"N";"CUVE"
"2408";"RIVAIRENC BLANC B";"";"23/01/2009 16:24:56";"G";"";"";"CUVE"
"2409";"RIVAIRENC GRIS G";"";"23/01/2009 16:24:56";"G";"";"";"CUVE"
"2410";"RIVAIRENC N";"2";"21/01/2011 17:05:54";"G";"";"";"CUVE"
"2411";"ROMORANTIN B";"1";"";"G";"";"N";"CUVE"
"2413";"ROUBLOT B";"1";"";"G";"";"N";"CUVE"
"2415";"ROUSSANNE B";"1";"";"G";"";"N";"CUVE"
"2417";"SACY B";"1";"";"G";"";"N";"CUVE"
"2419";"ROUSSANNE VAR RS";"3";"";"G";"";"N";"CUVE"
"2420";"SAINT COME B";"";"23/01/2009 16:25:51";"G";"";"";"CUVE"
"2421";"SAINT MACAIRE N";"2";"";"G";"";"N";"CUVE"
"2423";"ST.PIERRE DORE B";"1";"";"G";"";"N";"CUVE"
"2425";"SELECT B";"1";"";"G";"";"N";"CUVE"
"2431";"SCIACCARELLO N";"2";"";"G";"";"N";"CUVE"
"2435";"SERVANIN N";"2";"";"G";"";"N";"CUVE"
"2437";"SYLVANER B";"1";"";"G";"";"N";"CUVE"
"2441";"TEINTURIER N";"2";"";"G";"";"N";"CUVE"
"2443";"TEOULIER N";"2";"";"G";"";"N";"CUVE"
"2447";"TOUSTAIN N";"2";"";"G";"";"N";"CUVE"
"2453";"TROUSSEAU N";"2";"";"G";"";"N";"CUVE"
"2454";"TROUSSEAU GRIS G";"";"25/06/2010 10:20:35";"G";"";"";"CUVE"
"2457";"TROYEN N";"2";"";"G";"";"N";"CUVE"
"2463";"FURMINT B";"1";"";"G";"";"N";"CUVE"
"2465";"VELT.RG.PRECOCE RS";"3";"";"G";"";"N";"CUVE"
"2467";"VERDELHO L'ANJOU B";"1";"";"G";"";"N";"CUVE"
"2471";"VERDESSE B";"1";"";"G";"";"N";"CUVE"
"2475";"VERMENTINO B";"1";"";"G";"";"N";"CUVE"
"2477";"MUSC.PTS.GR.RSE.RS";"3";"";"G";"";"N";"CUVE"
"2501";"ALEATICO N";"2";"";"G";"";"N";"CUVE"
"2507";"MONTANACCIO N";"2";"";"G";"";"N";"CUVE"
"2509";"BRUSTIANO B";"1";"";"G";"";"N";"CUVE"
"2511";"CODIVARTA B.";"1";"";"G";"";"N";"CUVE"
"2521";"MONICA NERA N";"2";"";"G";"";"N";"CUVE"
"2603";"MAYORQUIN B";"1";"";"G";"";"N";"CUVE"
"2605";"PLANT VERT B";"1";"";"G";"";"N";"CUVE"
"2621";"TRESSOT N";"2";"";"G";"";"N";"CUVE"
"2623";"BALLANGER";"6";"";"G";"";"N";"CUVE"
"2631";"BALEILLE B";"1";"";"G";"";"N";"CUVE"
"2633";"GROS BOUSCHET N";"2";"";"G";"";"N";"CUVE"
"2635";"GRINGET B";"1";"";"G";"";"N";"CUVE"
"2637";"ROUSSETTE D AYZE B";"1";"";"G";"";"N";"CUVE"
"2641";"SYLVANER ROUGE RG";"5";"";"G";"";"N";"CUVE"
"2647";"VALAIS NOIR N";"2";"";"G";"";"N";"CUVE"
"2651";"GRASSEN N";"2";"";"G";"";"N";"CUVE"
"2653";"DOLCETTO N";"2";"";"G";"";"O";"CUVE"
"2655";"NEBIOLO PIEMONT N";"2";"";"G";"";"O";"CUVE"
"2657";"MALIVERNE";"6";"";"G";"";"N";"CUVE"
"2661";"VALENTIN B";"1";"";"G";"";"N";"CUVE"
"2663";"BLANQUEIRON B";"1";"";"G";"";"N";"CUVE"
"2665";"PANEA BIANCA B";"1";"";"G";"";"O";"CUVE"
"2667";"CRAVEIRO N";"2";"";"G";"";"O";"CUVE"
"2673";"ONCHETTE N";"2";"";"G";"";"N";"CUVE"
"2675";"MECLE BOURGOIN N";"2";"";"G";"";"N";"CUVE"
"2677";"COURBU NOIR N";"2";"";"G";"";"N";"CUVE"
"2683";"CROUCHEN B";"1";"";"G";"";"N";"CUVE"
"2684";"REFOSCO P.R";"1";"09/02/2011 16:49:01";"G";"";"";"CUVE"
"2685";"TEMPRANILLO N";"2";"";"G";"";"N";"CUVE"
"2686";"TINTO PAIS";"2";"17/10/2006 11:24:06";"G";"";"O";"CUVE"
"2687";"TOCAI FRIULANO B";"1";"09/02/2011 16:49:01";"G";"";"";"CUVE"
"2691";"PETIT COURBU B";"1";"";"G";"";"N";"CUVE"
"2999";"DIV. CUVE EXPERIM.";"";"26/06/2002 11:20:57";"G";"";"N";"CUVE"
"3001";"ASSYRTIKO B";"";"01/07/2009 11:17:51";"G";"";"O";"CUVE"
"3002";"AIREN B";"1";"19/10/2006 11:38:17";"G";"";"O";"CUVE"
"3003";"RKATSITELI B";"";"01/07/2009 11:17:51";"G";"";"O";"CUVE"
"3004";"CARMINOIR N";"2";"15/11/2005 09:24:33";"G";"";"O";"CUVE"
"3005";"PLANTA FINA DE P.B";"1";"26/06/2002 11:20:57";"G";"";"O";"CUVE"
"3006";"ALVARINHO N";"2";"14/11/2005 14:53:32";"G";"";"O";"CUVE"
"3007";"ARINTO B";"1";"10/04/2002";"G";"";"O";"CUVE"
"3008";"PARELLADA B";"1";"";"G";"";"O";"CUVE"
"3009";"GOUVELO B";"1";"14/11/2005 14:53:32";"G";"";"O";"CUVE"
"3010";"BARBERA N";"2";"10/04/2002";"G";"";"O";"CUVE"
"3011";"BICAL B";"1";"10/04/2002";"G";"";"O";"CUVE"
"3012";"ALFROCHEIRO PRE. T";"2";"26/06/2002 11:20:57";"G";"";"O";"CUVE"
"3013";"FERNAO PIRES B";"1";"10/04/2002";"G";"";"O";"CUVE"
"3014";"CATARRATO LUCIDO B";"";"26/03/2009 16:29:10";"G";"";"";""
"3015";"CASTELAO BRANCO B";"1";"10/04/2002";"G";"";"O";"CUVE"
"3016";"CHARMONT B";"1";"17/11/2005 16:43:21";"G";"";"O";"CUVE"
"3017";"HIBERNAL B";"";"01/07/2009 15:23:22";"G";"";"";"CUVE"
"3018";"BAGA T";"2";"10/04/2002";"G";"";"O";"CUVE"
"3019";"DORNFELDER N";"2";"10/04/2002";"G";"";"O";"CUVE"
"3020";"DORAL B";"1";"17/11/2005 16:43:21";"G";"";"O";"CUVE"
"3021";"CASTELAO T";"2";"01/07/2003 12:01:30";"G";"";"O";"CUVE"
"3022";"DONA MARIA B";"1";"10/04/2002";"G";"";"O";"CUVE"
"3023";"FINDLING B";"1";"17/11/2005 16:43:21";"G";"";"O";"CUVE"
"3024";"LIMNIO N";"2";"14/11/2005 14:53:32";"G";"";"O";"CUVE"
"3025";"ROME N";"";"26/03/2009 16:29:10";"G";"";"";""
"3026";"TOURIGA FRANCA T";"2";"01/07/2003 12:05:34";"G";"";"O";"CUVE"
"3027";"TOURIGA NACIONAL T";"2";"10/04/2002";"G";"";"O";"CUVE"
"3028";"TINTA BARROCA T";"2";"10/04/2002";"G";"";"O";"CUVE"
"3029";"NEBBIOLO N";"2";"10/04/2002";"G";"";"O";"CUVE"
"3030";"PETITE ARVINE B";"1";"10/04/2002";"G";"";"O";"CUVE"
"3031";"JAEN T";"2";"10/04/2002";"G";"";"O";"CUVE"
"3032";"KERNER B";"1";"17/11/2005 16:43:21";"G";"";"O";"CUVE"
"3033";"SCHEUREBE B";"1";"17/11/2005 16:43:21";"G";"";"O";"CUVE"
"3034";"ARVINE B";"";"21/10/2009 13:16:05";"G";"";"O";"CUVE"
"3035";"XARELLO B";"1";"";"G";"";"O";"CUVE"
"3036";"XYNOMAVRO N";"2";"14/11/2005 14:53:32";"G";"";"O";"CUVE"
"3037";"VERDELHO B";"";"21/10/2009 13:19:54";"";"";"";""
"3038";"VERDEJO B";"1";"";"G";"";"O";"CUVE"
"3039";"ALVARINHO B";"1";"13/11/2009 11:05:45";"G";"";"O";"CUVE"
"3040";"ZINFANDEL N PRIMIT";"2";"";"G";"";"O";"CUVE"
"3041";"ZWEIGELTREBE";"";"30/07/2009 14:45:42";"G";"";"";"CUVE"
"3042";"RABIGATO B";"1";"10/04/2002";"G";"";"O";"CUVE"
"3044";"REFETE T";"2";"10/04/2002";"G";"";"O";"CUVE"
"3045";"SAPERAVI N";"2";"11/03/2005 14:12:06";"G";"";"O";"CUVE"
"3046";"SEARA NOVA B";"1";"10/04/2002";"G";"";"O";"CUVE"
"3047";"TINTA FRANCISCA N";"2";"14/11/2005 14:53:32";"G";"";"O";"CUVE"
"3048";"TINTA CAIADA N";"2";"01/07/2003 12:01:30";"G";"";"O";"CUVE"
"3049";"TINTO CAO T";"2";"10/04/2002";"G";"";"O";"CUVE"
"3050";"TINTO DE TORO N";"2";"01/07/2003 12:01:30";"G";"";"O";"CUVE"
"3051";"TINTA MIUDA N";"2";"14/11/2005 14:53:32";"G";"";"O";"CUVE"
"3052";"TRINCAD. DAS P. B";"1";"26/06/2002 11:20:57";"G";"";"O";"CUVE"
"3054";"VITAL B";"1";"10/04/2002";"G";"";"O";"CUVE"
"3056";"VERDELHO DO DAO B";"1";"01/07/2003 12:01:30";"G";"";"O";"CUVE"
"3058";"TRAJADURA B";"1";"10/04/2002";"G";"";"O";"CUVE"
"3060";"UVA RARA N";"2";"10/04/2002";"G";"";"O";"CUVE"
"3062";"REGENT N";"2";"10/04/2002";"G";"";"O";"CUVE"
"3063";"REGNER B";"2";"10/04/2002";"G";"";"O";"CUVE"
"3064";"REICHENSTEINER B";"1";"03/02/2004 14:56:06";"G";"";"O";"CUVE"
"3065";"PHOENIX B";"1";"10/04/2002";"G";"";"O";"CUVE"
"3070";"CROATINA N";"2";"10/04/2002";"G";"";"O";"CUVE"
"3074";"FETEASCA ALBA B ";"";"05/02/2009 15:50:45";"G";"";"";"CUVE"
"3075";"FETEASCA NEAGRA";"";"22/09/2008 12:02:49";"G";"";"";""
"3077";"TAMIIOASA ROMANEAS";"";"22/09/2009 14:54:07";"G";"";"";"CUVE"
"3080";"HUMAGNE B";"1";"10/04/2002";"G";"";"O";"CUVE"
"3081";"HUMAGNE R";"2";"10/04/2002";"G";"";"O";"CUVE"
"3082";"GAMARET N";"2";"10/04/2002";"G";"";"O";"CUVE"
"3083";"GARANOIR N";"2";"10/04/2002";"G";"";"O";"CUVE"
"3084";"DIOLINOIR N";"2";"10/04/2002";"G";"";"O";"CUVE"
"3085";"AMIGNE B";"1";"10/04/2002";"G";"";"O";"CUVE"
"3090";"CORNALLIN N";"2";"10/04/2002";"G";"";"O";"CUVE"
"3091";"MALV. CANDIA ARO.";"1";"01/08/2006 16:33:25";"G";"";"O";"CUVE"
"3092";"MALVASIA FINA B";"1";"23/08/2004 15:59:10";"G";"";"O";"CUVE"
"3093";"RABO DE OVELHA B";"1";"23/08/2004 15:59:10";"G";"";"O";"CUVE"
"3094";"ANTAO VAZ B";"1";"23/08/2004 15:59:10";"G";"";"O";"CUVE"
"3095";"TRINCADEIRA T";"2";"23/08/2004 15:59:10";"G";"";"O";"CUVE"
"3096";"VINHAO T";"2";"23/08/2004 15:59:10";"G";"";"O";"CUVE"
"3097";"SOUSAO T";"2";"23/08/2004 15:59:10";"G";"";"O";"CUVE"
"3098";"CALLET T";"2";"23/08/2004 15:59:10";"G";"";"O";"CUVE"
"3099";"TEROLDEGO N";"2";"23/08/2004 15:59:10";"G";"";"O";"CUVE"
"3100";"CORVINA VERONESE N";"2";"23/08/2004 15:59:10";"G";"";"O";"CUVE"
"3101";"CORVINONE VERONESE";"";"23/08/2004 15:59:10";"";"";"O";""
"3102";"MANTO NEGRO T";"2";"23/08/2004 15:59:10";"G";"";"O";"CUVE"
"3103";"PENSAL BLANCA B";"1";"23/08/2004 15:59:10";"G";"";"O";"CUVE"
"3104";"PRIETO PICUDO B";"1";"23/08/2004 15:59:10";"G";"";"O";"CUVE"
"3105";"DUNKELFELDER N";"2";"23/08/2004 15:59:10";"G";"";"O";"CUVE"
"3106";"MORETO T";"2";"23/08/2004 15:59:10";"G";"";"O";"CUVE"
"3107";"TROLLINGER N";"2";"23/08/2004 15:59:10";"G";"";"O";"CUVE"
"3108";"CALABRESE NERO N ";"2";"23/08/2004 15:59:10";"G";"";"O";"CUVE"
"3109";"NEGRO AMARO N";"2";"09/09/2004 15:00:37";"G";"";"O";"CUVE"
"3110";"MONTEPULCIANO N";"2";"23/08/2004 15:59:10";"G";"";"O";"CUVE"
"3112";"AGLIANICO N";"2";"23/08/2004 15:59:10";"G";"";"O";"CUVE"
"3113";"ROSSESE N";"2";"23/08/2004 15:59:10";"G";"";"O";"CUVE"
"3115";"TREBBIANO TOSC. B";"";"26/03/2009 16:29:10";"G";"";"";""
"3116";"VERNACCIA NERA N";"2";"23/08/2004 15:59:10";"G";"";"O";"CUVE"
"3117";"GARGANEGA B";"1";"23/08/2004 15:59:10";"G";"";"O";"CUVE"
"3118";"TREBBIANO GIALLO B";"1";"23/08/2004 15:59:10";"G";"";"O";"CUVE"
"3119";"GRECHETTO B";"1";"23/08/2004 15:59:10";"G";"";"O";"CUVE"
"3120";"COLORINO N";"2";"23/08/2004 15:59:10";"G";"";"O";"CUVE"
"3121";"BOBAL T";"2";"23/08/2004 15:59:10";"G";"";"O";"CUVE"
"3122";"JAEN TINTO T";"2";"23/08/2004 15:59:10";"G";"";"O";"CUVE"
"3123";"PARDINA B";"1";"23/08/2004 15:59:10";"G";"";"O";"CUVE"
"3124";"CESANESE AFFILE N";"2";"23/08/2004 15:59:10";"G";"";"O";"CUVE"
"3125";"MENCIA N";"2";"07/07/2005 15:41:34";"G";"";"O";"CUVE"
"3126";"DONA BLANCA B";"1";"07/07/2005 15:41:34";"G";"";"O";"CUVE"
"3127";"GODELLO B";"1";"07/07/2005 15:41:34";"G";"";"O";"CUVE"
"3128";"TREPAT N";"2";"27/10/2005 08:29:36";"G";"";"O";"CUVE"
"3129";"SAINT LAURENT N";"2";"27/10/2005 08:29:36";"G";"";"O";"CUVE"
"3130";"MORENILLO N";"2";"17/11/2005 08:08:17";"G";"";"O";"CUVE"
"3131";"MORASTEL N";"2";"10/10/2006 09:37:54";"G";"";"O";"CUVE"
"3132";"BASTARDO";"2";"17/10/2006 11:21:47";"G";"";"O";"CUVE"
"3133";"GRACIANO";"2";"17/10/2006 11:22:06";"G";"";"O";"CUVE"
"3134";"PAIEN JAUNE";"1";"17/10/2006 11:23:02";"G";"";"O";"CUVE"
"3135";"PALIERI";"2";"17/10/2006 11:23:02";"G";"";"O";"TABLE"
"3200";"VICTORIA B";"1";"17/11/2005 09:32:46";"G";"";"O";"CUVE"
"5000";"HYBRID.DIV.CUVE";"6";"";"G";"";"N";"CUVE"
"5001";"ALICANTE TERR.20 N";"2";"";"G";"";"N";"CUVE"
"5003";"AUXERROIS RUPES.N";"2";"";"G";"";"N";"CUVE"
"5007";"BLACK DEFIANCE N";"2";"";"G";"";"N";"CUVE"
"5010";"HYBRID.CUVE B";"1";"";"G";"";"N";"CUVE"
"5011";"BOGNI 15 B";"1";"";"G";"";"N";"CUVE"
"5015";"CHAMBAUDIERE 442 N";"2";"";"G";"";"N";"CUVE"
"5017";"CONCORD N";"2";"";"G";"";"N";"CUVE"
"5020";"HYBRID.CUVE N";"2";"";"G";"";"N";"CUVE"
"5021";"CUNNINGHAM RS";"3";"";"G";"";"N";"CUVE"
"5027";"EXCELSIOR GUILLY B";"1";"";"G";"";"N";"CUVE"
"5031";"FAUCONNEAU 1 N";"2";"";"G";"";"N";"CUVE"
"5033";"HUMBERT CHAPON 3 N";"2";"";"G";"";"N";"CUVE"
"5035";"HYBRIDE BOIZIAU N";"2";"";"G";"";"N";"CUVE"
"5041";"JOUSSELY 2 N";"2";"";"G";"";"N";"CUVE"
"5045";"PERBOS 48 B";"1";"";"G";"";"N";"CUVE"
"5047";"3 RUDELIN B";"1";"";"G";"";"N";"CUVE"
"5053";"YORK MADEIRA N";"2";"";"G";"";"N";"CUVE"
"5055";"FONTAN N";"2";"";"G";"";"N";"CUVE"
"5061";"TAYLOR N";"2";"";"G";"";"N";"CUVE"
"5065";"CANADA N";"2";"";"G";"";"N";"CUVE"
"5067";"SENASQUA N";"2";"";"G";"";"N";"CUVE"
"5073";"ELVIRA B";"1";"";"G";"";"N";"CUVE"
"5075";"DUCHESS B";"1";"";"G";"";"N";"CUVE"
"5080";"CHEVALLIER DIV.";"6";"";"G";"";"N";"CUVE"
"5093";"PRESIDENT CARNOT B";"1";"";"G";"";"N";"CUVE"
"5100";"JURIE DIVERS";"6";"";"G";"";"N";"CUVE"
"5115";"GAULOIS N";"2";"";"G";"";"N";"CUVE"
"5117";"CYNTHIANA N";"2";"";"G";"";"N";"CUVE"
"5125";"CHENIVESSE N";"2";"";"G";"";"N";"CUVE"
"5999";"DIV. CUVE ETRANG.";"";"26/06/2002 11:20:57";"G";"";"";"CUVE"
"6000";"BACO DIVERS";"6";"";"G";"";"N";"CUVE"
"6001";"BACO NOIR N";"2";"";"G";"";"N";"CUVE"
"6003";"BACO DIVERS N";"2";"";"G";"";"N";"CUVE"
"6005";"BACO BLANC B";"1";"";"G";"";"N";"CUVE"
"6010";"BACO DIVERS B";"1";"";"G";"";"N";"CUVE"
"6020";"BERTIL.SEYVE D.";"6";"";"G";"";"N";"CUVE"
"6025";"BERTIL.SEYVE D.B";"1";"";"G";"";"N";"CUVE"
"6030";"BERTIL.SEYVE D.N";"2";"";"G";"";"N";"CUVE"
"6040";"BURDIN DIVERS";"6";"";"G";"";"N";"CUVE"
"6045";"BURDIN DIVERS B";"1";"";"G";"";"N";"CUVE"
"6050";"BURDIN DIVERS N";"2";"";"G";"";"N";"CUVE"
"6071";"FLORENTAL N";"2";"";"G";"";"N";"CUVE"
"6080";"CASTEL DIVERS";"6";"";"G";"";"N";"CUVE"
"6085";"CASTEL DIVERS B";"1";"";"G";"";"N";"CUVE"
"6090";"CASTEL DIVERS N";"2";"";"G";"";"N";"CUVE"
"6100";"COUDERC DIVERS";"6";"";"G";"";"N";"CUVE"
"6110";"COUDERC DIV.B";"1";"";"G";"";"N";"CUVE"
"6120";"COUDERC DIV.N";"2";"";"G";"";"N";"CUVE"
"6131";"COUDERC N";"2";"";"G";"";"N";"CUVE"
"6140";"GAILLARD DIVERS";"6";"";"G";"";"N";"CUVE"
"6145";"GAILLARD DIV.B";"1";"";"G";"";"N";"CUVE"
"6150";"GAILLARD DIV.N";"2";"";"G";"";"N";"CUVE"
"6160";"GALI.COULON DIV.";"6";"";"G";"";"N";"CUVE"
"6165";"GALI.COULON D. B";"1";"";"G";"";"N";"CUVE"
"6170";"GALI.COULON D. N";"2";"";"G";"";"N";"CUVE"
"6200";"JOHAN.SEYVE DIV.";"6";"";"G";"";"N";"CUVE"
"6205";"JOHAN.SEYVE D. B";"1";"";"G";"";"N";"CUVE"
"6210";"JOHAN.SEYVE D. N";"2";"";"G";"";"N";"CUVE"
"6215";"CHAMBOURCIN N";"2";"";"G";"";"N";"CUVE"
"6220";"KUHLMANN DIVERS";"6";"";"G";"";"N";"CUVE"
"6225";"KUHLMANN DIV. B";"1";"";"G";"";"N";"CUVE"
"6227";"MARECHAL FOCH N";"2";"";"G";"";"N";"CUVE"
"6230";"KUHLMANN DIV. N";"2";"";"G";"";"N";"CUVE"
"6233";"LEON MILLOT N";"2";"";"G";"";"N";"CUVE"
"6260";"LANDOT DIVERS";"6";"";"G";"";"N";"CUVE"
"6265";"LANDAL N";"2";"";"G";"";"N";"CUVE"
"6270";"LANDOT DIVERS B";"1";"";"G";"";"N";"CUVE"
"6280";"LANDOT DIVERS N";"2";"";"G";"";"N";"CUVE"
"6300";"MALEGUE DIVERS";"6";"";"G";"";"N";"CUVE"
"6305";"MALEGUE DIV. B";"1";"";"G";"";"N";"CUVE"
"6310";"MALEGUE DIV. N";"2";"";"G";"";"N";"CUVE"
"6320";"MEYNIEU DIVERS";"6";"";"G";"";"N";"CUVE"
"6325";"MEYNIEU DIV. B";"1";"";"G";"";"N";"CUVE"
"6330";"MEYNIEU DIV. N";"2";"";"G";"";"N";"CUVE"
"6340";"OBERLIN DIVERS";"6";"";"G";"";"N";"CUVE"
"6341";"OBERLIN N";"2";"";"G";"";"N";"CUVE"
"6345";"OBERLIN DIV. B";"1";"";"G";"";"N";"CUVE"
"6350";"OBERLIN DIV. N";"2";"";"G";"";"N";"CUVE"
"6360";"PERRATON DIVERS";"6";"";"G";"";"N";"CUVE"
"6365";"PERRATON DIV. B";"1";"";"G";"";"N";"CUVE"
"6370";"PERRATON DIV. N";"2";"";"G";"";"N";"CUVE"
"6380";"RAVAT DIVERS";"6";"";"G";"";"N";"CUVE"
"6381";"RAVAT BLANC B";"1";"";"G";"";"N";"CUVE"
"6385";"RAVAT DIVERS B";"1";"";"G";"";"N";"CUVE"
"6390";"RAVAT DIVERS N";"2";"";"G";"";"N";"CUVE"
"6400";"VIDAL DIVERS";"6";"";"G";"";"N";"CUVE"
"6405";"VIDAL DIVERS B";"1";"";"G";"";"N";"CUVE"
"6410";"VIDAL DIVERS N";"2";"";"G";"";"N";"CUVE"
"6687";"SAINTON B";"1";"";"G";"";"N";"CUVE"
"6691";"RAMI B";"1";"";"G";"";"N";"CUVE"
"7000";"SEIBEL DIVERS";"6";"";"G";"";"N";"CUVE"
"7010";"SEIBEL DIV. B";"1";"";"G";"";"N";"CUVE"
"7020";"SEIBEL DIV. N";"2";"";"G";"";"N";"CUVE"
"7047";"RAYON D'OR B";"1";"";"G";"";"N";"CUVE"
"7071";"PLANTET N";"2";"";"G";"";"N";"CUVE"
"7115";"COLOBEL N";"2";"";"G";"";"N";"CUVE"
"7131";"SEINOIR N";"2";"";"G";"";"N";"CUVE"
"7143";"AMBROR B";"1";"";"G";"";"N";"CUVE"
"7153";"CHELOIS N";"2";"";"G";"";"N";"CUVE"
"7163";"RUBILANDE RS";"3";"";"G";"";"N";"CUVE"
"7193";"BELLANDAIS N";"2";"";"G";"";"N";"CUVE"
"8000";"SEYVE VILLARD D.";"6";"";"G";"";"N";"CUVE"
"8010";"SEYVE VIL.DIV.B";"1";"";"G";"";"N";"CUVE"
"8013";"SEYVAL B";"1";"";"G";"";"N";"CUVE"
"8020";"SEYVE VIL.DIV.N";"2";"";"G";"";"N";"CUVE"
"8027";"ROUCANEUF RS";"3";"";"G";"";"N";"CUVE"
"8043";"VILLARD BLANC B";"1";"";"G";"";"N";"CUVE"
"8077";"GARONNET N";"2";"";"G";"";"N";"CUVE"
"8083";"VILLARD NOIR N";"2";"";"G";"";"N";"CUVE"
"8101";"VALERIEN B";"1";"";"G";"";"N";"CUVE"
"8111";"VAROUSSET N";"2";"";"G";"";"N";"CUVE"
"8997";"BI-CEPAGES";"";"";"";"";"";""
"8994";"COLOMBARD-CHARDONNAY";"";"";"";"";"";""
"8995";"COLOMBARD-SAUVIGNON";"";"";"";"";"";""
"8996";"COLOMBARD-UGNI BLANC";"";"";"";"";"";""
"8998";"TRI-CEPAGES";"";"";"";"";"";""
"8999";"CUVE INDETERMINE";"6";"";"G";"";"N";"CUVE"
"9000";"COLLECTION PG";"6";"";"PG";"";"N";""
"9901";"RUPESTRIS DU LOT";"";"";"PG";"";"N";""
"9902";"3309 COUDERC";"";"";"PG";"";"N";""
"9903";"41 B MGT.";"";"";"PG";"";"N";""
"9904";"161-49 COUDERC";"";"";"PG";"";"N";""
"9905";"5 B B.";"";"";"PG";"";"N";""
"9906";"RIP.GL.MONTPELL.";"";"";"PG";"";"N";""
"9907";"99 RICHTER";"";"";"PG";"";"N";""
"9908";"44-53 MALEGUE";"";"";"PG";"";"N";""
"9909";"110 RICHTER";"";"";"PG";"";"N";""
"9910";"420 A MGT.";"";"";"PG";"";"N";""
"9911";"101-14 MGT.";"";"";"PG";"";"N";""
"9912";"VIALLA";"";"";"PG";"";"N";""
"9913";"S.O.4";"";"";"PG";"";"N";""
"9915";"1616 COUDERC";"";"";"PG";"";"N";""
"9917";"333 E.M.";"";"";"PG";"";"N";""
"9919";"216-3 CASTEL";"";"";"PG";"";"N";""
"9922";"TELEKI 8 B";"";"";"PG";"";"N";""
"9926";"196-17 CASTEL";"";"";"PG";"";"N";""
"9927";"34 E.M.";"";"";"PG";"";"N";""
"9928";"KOBER 125 AA";"";"";"PG";"";"N";""
"9929";"NEMADEX AB";"";"21/01/2011 15:28:24";"PG";"";"";""
"9930";"4010 CASTEL";"";"";"PG";"";"N";""
"9932";"FERCAL";"";"";"PG";"";"N";""
"9934";"GRAVESAC";"";"";"PG";"";"N";""
"9945";"GREZOT 1";"";"";"PG";"";"N";""
"9950";"140 RUGGERI";"";"";"PG";"";"N";""
"9952";"1103 PAULSEN";"";"";"PG";"";"N";""
"9953";"1447 PAULSEN";"";"";"PG";"";"N";""
"9954";"BERLAND.COL.NO 2";"";"";"PG";"";"N";""
"9958";"TELEKI 5 C";"";"";"PG";"";"N";""
"9982";"R.S.B.1";"";"";"PG";"";"N";""
"9985";"BINOVA";"";"";"PG";"";"N";""
"9986";"BORNER";"";"";"PG";"";"N";""
"9990";"NOAH B";"1";"";"G";"";"N";"CUVE"
"9991";"OTHELLO N";"2";"";"G";"";"N";"CUVE"
"9992";"ISABELLE N";"2";"";"G";"";"N";"CUVE"
"9993";"JACQUEZ N";"2";"";"G";"";"N";"CUVE"
"9994";"CLINTON N";"2";"";"G";"";"N";"CUVE"
"9995";"HERBEMONT N";"2";"";"G";"";"N";"CUVE"
"9998";"PLANTIERS NON GREF";"";"";"PG";"";"N";""