CERTIFICATION,GENRE,APPELLATION,MENTION,LIEU,COULEUR,CEPAGE,LIBELLE_PRODUIT,IDENTIFIANT INAO
AOC,,AOC Alsace blanc,,,,Total Alsace Blanc hors mention,Total Alsace Blanc hors mention,1B001S
AOC,,AOC Alsace blanc,,,,Chasselas,AOC Alsace blanc Chasselas,1B001S 5
AOC,,AOC Alsace blanc,,,,Sylvaner,AOC Alsace blanc Sylvaner,1B001S 8
AOC,,AOC Alsace blanc,,,,Auxerrois,AOC Alsace blanc Auxerrois,1B001S0A
AOC,,AOC Alsace blanc,,,,Pinot Blanc,AOC Alsace blanc Pinot Blanc,1B001S06
AOC,,AOC Alsace blanc,,,,Pinot,AOC Alsace blanc Pinot,1B001S 7
AOC,,AOC Alsace blanc,,,,Assemblage,AOC Alsace blanc Assemblage,1B001S 9
AOC,,AOC Alsace blanc,,,,Riesling,AOC Alsace blanc Riesling,1B001S 4
AOC,,AOC Alsace blanc,,,,Pinot Gris,AOC Alsace blanc Pinot Gris,1B001S 3
AOC,,AOC Alsace blanc,,,,Muscat,AOC Alsace blanc Muscat,1B001S 2
AOC,,AOC Alsace blanc,,,,Muscat Ottonel,AOC Alsace blanc Muscat Ottonel,1B001S00
AOC,,AOC Alsace blanc,,,,Gewurztraminer,AOC Alsace blanc Gewurztraminer,1B001S 1
AOC,,AOC Alsace blanc,VT,,,Riesling,AOC Alsace blanc Riesling VT,1B001D14
AOC,,AOC Alsace blanc,VT,,,Pinot Gris,AOC Alsace blanc Pinot Gris VT,1B001D13
AOC,,AOC Alsace blanc,VT,,,Muscat,AOC Alsace blanc Muscat VT,1B001D12
AOC,,AOC Alsace blanc,VT,,,Muscat Ottonel,AOC Alsace blanc Muscat Ottonel VT,1B001D10
AOC,,AOC Alsace blanc,VT,,,Gewurztraminer,AOC Alsace blanc Gewurztraminer VT,1B001D11
AOC,,AOC Alsace blanc,SGN,,,Riesling,AOC Alsace blanc Riesling SGN,1B001D64
AOC,,AOC Alsace blanc,SGN,,,Pinot Gris,AOC Alsace blanc Pinot Gris SGN,1B001D63
AOC,,AOC Alsace blanc,SGN,,,Muscat,AOC Alsace blanc Muscat SGN,1B001D62
AOC,,AOC Alsace blanc,SGN,,,Muscat Ottonel,AOC Alsace blanc Muscat Ottonel SGN,1B001D60
AOC,,AOC Alsace blanc,SGN,,,Gewurztraminer,AOC Alsace blanc Gewurztraminer SGN,1B001D61
AOC,,AOC Alsace Lieu-dit,,,Blanc,Total Lieu dit Blanc hors mention,Total Lieu dit Blanc hors mention,1B070S
AOC,,AOC Alsace Lieu-dit,,,Blanc,Chasselas,AOC Alsace Lieu-dit Chasselas,1B070S05
AOC,,AOC Alsace Lieu-dit,,,Blanc,Sylvaner,AOC Alsace Lieu-dit Sylvaner,1B070S08
AOC,,AOC Alsace Lieu-dit,,,Blanc,Auxerrois,AOC Alsace Lieu-dit Auxerrois,1B070S0A
AOC,,AOC Alsace Lieu-dit,,,Blanc,Pinot Blanc,AOC Alsace Lieu-dit Pinot Blanc,1B070S06
AOC,,AOC Alsace Lieu-dit,,,Blanc,Pinot,AOC Alsace Lieu-dit Pinot,1B070S07
AOC,,AOC Alsace Lieu-dit,,,Blanc,Assemblage,AOC Alsace Lieu-dit Assemblage,1B070S
AOC,,AOC Alsace Lieu-dit,,,Blanc,Riesling,AOC Alsace Lieu-dit Riesling,1B070S04
AOC,,AOC Alsace Lieu-dit,,,Blanc,Pinot Gris,AOC Alsace Lieu-dit Pinot Gris,1B070S03
AOC,,AOC Alsace Lieu-dit,,,Blanc,Muscat,AOC Alsace Lieu-dit Muscat,1B070S02
AOC,,AOC Alsace Lieu-dit,,,Blanc,Muscat Ottonel,AOC Alsace Lieu-dit Muscat Ottonel,1B070S00
AOC,,AOC Alsace Lieu-dit,,,Blanc,Gewurztraminer,AOC Alsace Lieu-dit Gewurztraminer,1B070S01
AOC,,AOC Alsace Lieu-dit,,,Rouge,Total Lieu dit Rouge,Total Lieu dit Rouge,1R070S
AOC,,AOC Alsace Lieu-dit,,,Rouge,Pinot Noir Rouge,AOC Alsace Lieu-dit Pinot Noir Rouge,1R070S
AOC,,AOC Alsace Lieu-dit,VT,,Blanc,Riesling,AOC Alsace Lieu-dit Riesling VT,1B070D14
AOC,,AOC Alsace Lieu-dit,VT,,Blanc,Pinot Gris,AOC Alsace Lieu-dit Pinot Gris VT,1B070D13
AOC,,AOC Alsace Lieu-dit,VT,,Blanc,Muscat,AOC Alsace Lieu-dit Muscat VT,1B070D12
AOC,,AOC Alsace Lieu-dit,VT,,Blanc,Muscat Ottonel,AOC Alsace Lieu-dit Muscat Ottonel VT,1B070D10
AOC,,AOC Alsace Lieu-dit,VT,,Blanc,Gewurztraminer,AOC Alsace Lieu-dit Gewurztraminer VT,1B070D11
AOC,,AOC Alsace Lieu-dit,SGN,,Blanc,Riesling,AOC Alsace Lieu-dit Riesling SGN,1B070D64
AOC,,AOC Alsace Lieu-dit,SGN,,Blanc,Pinot Gris,AOC Alsace Lieu-dit Pinot Gris SGN,1B070D63
AOC,,AOC Alsace Lieu-dit,SGN,,Blanc,Muscat,AOC Alsace Lieu-dit Muscat SGN,1B070D62
AOC,,AOC Alsace Lieu-dit,SGN,,Blanc,Muscat Ottonel,AOC Alsace Lieu-dit Muscat Ottonel SGN,1B070D60
AOC,,AOC Alsace Lieu-dit,SGN,,Blanc,Gewurztraminer,AOC Alsace Lieu-dit Gewurztraminer SGN,1B070D61
AOC,,AOC Alsace Communale,,Blienschwiller,Blanc,Sylvaner,AOC Alsace Communale Blienschwiller Sylvaner,1B055S
AOC,,AOC Alsace Communale,,Bergheim,Blanc,Gewurztraminer,AOC Alsace Communale Bergheim Gewurztraminer,1B065S
AOC,,AOC Alsace Communale,,Côtes de Barr,Blanc,Sylvaner,AOC Alsace Communale Côtes de Barr Sylvaner,1B056S
AOC,,AOC Alsace Communale,,Côte de Rouffach,Blanc,Riesling,AOC Alsace Communale Côte de Rouffach Riesling,1B057S04
AOC,,AOC Alsace Communale,,Côte de Rouffach,Blanc,Pinot Gris,AOC Alsace Communale Côte de Rouffach Pinot Gris,1B057S03
AOC,,AOC Alsace Communale,,Côte de Rouffach,Blanc,Gewurztraminer,AOC Alsace Communale Côte de Rouffach Gewurztraminer,1B057S01
AOC,,AOC Alsace Communale,,Côte de Rouffach,Rouge,Pinot Noir,AOC Alsace Communale Côte de Rouffach Pinot Noir,1R057S
AOC,,AOC Alsace Communale,,Coteaux du Haut-Koenigsbourg,Blanc,Riesling,AOC Alsace Communale Coteaux du Haut-Koenigsbourg Riesling,1B066S04
AOC,,AOC Alsace Communale,,Coteaux du Haut-Koenigsbourg,Blanc,Gewurztraminer,AOC Alsace Communale Coteaux du Haut-Koenigsbourg Gewurztraminer,1B066S01
AOC,,AOC Alsace Communale,,Klevener de Heiligenstein,Blanc,Klevener de Heiligenstein,AOC Alsace Communale Klevener de Heiligenstein Klevener de Heiligenstein,1B054S
AOC,,AOC Alsace Communale,,Ottrott,Rouge,Pinot Noir,AOC Alsace Communale Ottrott Pinot Noir,1R058S
AOC,,AOC Alsace Communale,,Rodern,Rouge,Pinot Noir,AOC Alsace Communale Rodern Pinot Noir,1R059S
AOC,,AOC Alsace Communale,,Saint Hippolyte,Rouge,Pinot Noir,AOC Alsace Communale Saint Hippolyte Pinot Noir,1R060S
AOC,,AOC Alsace Communale,,Vallée Noble,Blanc,Riesling,AOC Alsace Communale Vallée Noble Riesling,1B062S04
AOC,,AOC Alsace Communale,,Vallée Noble,Blanc,Pinot Gris,AOC Alsace Communale Vallée Noble Pinot Gris,1B062S03
AOC,,AOC Alsace Communale,,Vallée Noble,Blanc,Gewurztraminer,AOC Alsace Communale Vallée Noble Gewurztraminer,1B062S01
AOC,,AOC Alsace Communale,,Val Saint Grégoire,Blanc,Auxerrois,AOC Alsace Communale Val Saint Grégoire Auxerrois,1B063S0A
AOC,,AOC Alsace Communale,,Val Saint Grégoire,Blanc,Pinot Blanc,AOC Alsace Communale Val Saint Grégoire Pinot Blanc,1B063S06
AOC,,AOC Alsace Communale,,Val Saint Grégoire,Blanc,Pinot Gris,AOC Alsace Communale Val Saint Grégoire Pinot Gris,1B063S03
AOC,,AOC Alsace Communale,,Scherwiller,Blanc,Riesling,AOC Alsace Communale Scherwiller Riesling,1B061S
AOC,,AOC Alsace Communale,,Wolxheim,Blanc,Riesling,AOC Alsace Communale Wolxheim Riesling,1B064S
AOC,,AOC Alsace Communale,VT,Bergheim,Blanc,Gewurztraminer,AOC Alsace Communale Bergheim Gewurztraminer VT,1B065D11
AOC,,AOC Alsace Communale,VT,Côte de Rouffach,Blanc,Riesling,AOC Alsace Communale Côte de Rouffach Riesling VT,1B057D14
AOC,,AOC Alsace Communale,VT,Côte de Rouffach,Blanc,Pinot Gris,AOC Alsace Communale Côte de Rouffach Pinot Gris VT,1B057D13
AOC,,AOC Alsace Communale,VT,Côte de Rouffach,Blanc,Gewurztraminer,AOC Alsace Communale Côte de Rouffach Gewurztraminer VT,1B057D11
AOC,,AOC Alsace Communale,VT,Coteaux du Haut-Koenigsbourg,Blanc,Riesling,AOC Alsace Communale Coteaux du Haut-Koenigsbourg Riesling VT,1B066D14
AOC,,AOC Alsace Communale,VT,Coteaux du Haut-Koenigsbourg,Blanc,Gewurztraminer,AOC Alsace Communale Coteaux du Haut-Koenigsbourg Gewurztraminer VT,1B066D11
AOC,,AOC Alsace Communale,VT,Vallée Noble,Blanc,Riesling,AOC Alsace Communale Vallée Noble Riesling VT,1B062D14
AOC,,AOC Alsace Communale,VT,Vallée Noble,Blanc,Pinot Gris,AOC Alsace Communale Vallée Noble Pinot Gris VT,1B062D13
AOC,,AOC Alsace Communale,VT,Vallée Noble,Blanc,Gewurztraminer,AOC Alsace Communale Vallée Noble Gewurztraminer VT,1B062D11
AOC,,AOC Alsace Communale,VT,Val Saint Grégoire,Blanc,Pinot Gris,AOC Alsace Communale Val Saint Grégoire Pinot Gris VT,1B063D13
AOC,,AOC Alsace Communale,VT,Scherwiller,Blanc,Riesling,AOC Alsace Communale Scherwiller Riesling VT,1B061D14
AOC,,AOC Alsace Communale,VT,Wolxheim,Blanc,Riesling,AOC Alsace Communale Wolxheim Riesling VT,1B064D14
AOC,,AOC Alsace Communale,SGN,Bergheim,Blanc,Gewurztraminer,AOC Alsace Communale Bergheim Gewurztraminer SGN,1B065D61
AOC,,AOC Alsace Communale,SGN,Côte de Rouffach,Blanc,Riesling,AOC Alsace Communale Côte de Rouffach Riesling SGN,1B057D64
AOC,,AOC Alsace Communale,SGN,Côte de Rouffach,Blanc,Pinot Gris,AOC Alsace Communale Côte de Rouffach Pinot Gris SGN,1B057D63
AOC,,AOC Alsace Communale,SGN,Côte de Rouffach,Blanc,Gewurztraminer,AOC Alsace Communale Côte de Rouffach Gewurztraminer SGN,1B057D61
AOC,,AOC Alsace Communale,SGN,Coteaux du Haut-Koenigsbourg,Blanc,Riesling,AOC Alsace Communale Coteaux du Haut-Koenigsbourg Riesling SGN,1B066D64
AOC,,AOC Alsace Communale,SGN,Coteaux du Haut-Koenigsbourg,Blanc,Gewurztraminer,AOC Alsace Communale Coteaux du Haut-Koenigsbourg Gewurztraminer SGN,1B066D61
AOC,,AOC Alsace Communale,SGN,Vallée Noble,Blanc,Riesling,AOC Alsace Communale Vallée Noble Riesling SGN,1B062D64
AOC,,AOC Alsace Communale,SGN,Vallée Noble,Blanc,Pinot Gris,AOC Alsace Communale Vallée Noble Pinot Gris SGN,1B062D63
AOC,,AOC Alsace Communale,SGN,Vallée Noble,Blanc,Gewurztraminer,AOC Alsace Communale Vallée Noble Gewurztraminer SGN,1B062D61
AOC,,AOC Alsace Communale,SGN,Val Saint Grégoire,Blanc,Pinot Gris,AOC Alsace Communale Val Saint Grégoire Pinot Gris SGN,1B063D63
AOC,,AOC Alsace Communale,SGN,Scherwiller,Blanc,Riesling,AOC Alsace Communale Scherwiller Riesling SGN,1B061D64
AOC,,AOC Alsace Communale,SGN,Wolxheim,Blanc,Riesling,AOC Alsace Communale Wolxheim Riesling SGN,1B064D64
AOC,,AOC Alsace Grand Cru,,Kanzlerberg,,Riesling,AOC Alsace Grand Cru Kanzlerberg Riesling,1B018S 4
AOC,,AOC Alsace Grand Cru,,Kanzlerberg,,Pinot Gris,AOC Alsace Grand Cru Kanzlerberg Pinot Gris,1B018S 3
AOC,,AOC Alsace Grand Cru,,Kanzlerberg,,Muscat,AOC Alsace Grand Cru Kanzlerberg Muscat,1B018S 2
AOC,,AOC Alsace Grand Cru,,Kanzlerberg,,Gewurztraminer,AOC Alsace Grand Cru Kanzlerberg Gewurztraminer,1B018S 1
AOC,,AOC Alsace Grand Cru,,Kastelberg,,Riesling,AOC Alsace Grand Cru Kastelberg Riesling,1B019S 4
AOC,,AOC Alsace Grand Cru,,Kastelberg,,Pinot Gris,AOC Alsace Grand Cru Kastelberg Pinot Gris,1B019S 3
AOC,,AOC Alsace Grand Cru,,Kastelberg,,Muscat,AOC Alsace Grand Cru Kastelberg Muscat,1B019S 2
AOC,,AOC Alsace Grand Cru,,Kastelberg,,Gewurztraminer,AOC Alsace Grand Cru Kastelberg Gewurztraminer,1B019S 1
AOC,,AOC Alsace Grand Cru,,Kessler,,Riesling,AOC Alsace Grand Cru Kessler Riesling,1B020S 4
AOC,,AOC Alsace Grand Cru,,Kessler,,Pinot Gris,AOC Alsace Grand Cru Kessler Pinot Gris,1B020S 3
AOC,,AOC Alsace Grand Cru,,Kessler,,Muscat,AOC Alsace Grand Cru Kessler Muscat,1B020S 2
AOC,,AOC Alsace Grand Cru,,Kessler,,Gewurztraminer,AOC Alsace Grand Cru Kessler Gewurztraminer,1B020S 1
AOC,,AOC Alsace Grand Cru,,Kirchberg de Barr,,Riesling,AOC Alsace Grand Cru Kirchberg de Barr Riesling,1B021S 4
AOC,,AOC Alsace Grand Cru,,Kirchberg de Barr,,Pinot Gris,AOC Alsace Grand Cru Kirchberg de Barr Pinot Gris,1B021S 3
AOC,,AOC Alsace Grand Cru,,Kirchberg de Barr,,Muscat,AOC Alsace Grand Cru Kirchberg de Barr Muscat,1B021S 2
AOC,,AOC Alsace Grand Cru,,Kirchberg de Barr,,Gewurztraminer,AOC Alsace Grand Cru Kirchberg de Barr Gewurztraminer,1B021S 1
AOC,,AOC Alsace Grand Cru,,Kirchberg de Ribeauvillé,,Riesling,AOC Alsace Grand Cru Kirchberg de Ribeauvillé Riesling,1B022S 4
AOC,,AOC Alsace Grand Cru,,Kirchberg de Ribeauvillé,,Pinot Gris,AOC Alsace Grand Cru Kirchberg de Ribeauvillé Pinot Gris,1B022S 3
AOC,,AOC Alsace Grand Cru,,Kirchberg de Ribeauvillé,,Muscat,AOC Alsace Grand Cru Kirchberg de Ribeauvillé Muscat,1B022S 2
AOC,,AOC Alsace Grand Cru,,Kirchberg de Ribeauvillé,,Gewurztraminer,AOC Alsace Grand Cru Kirchberg de Ribeauvillé Gewurztraminer,1B022S 1
AOC,,AOC Alsace Grand Cru,,Kitterlé,,Riesling,AOC Alsace Grand Cru Kitterlé Riesling,1B023S 4
AOC,,AOC Alsace Grand Cru,,Kitterlé,,Pinot Gris,AOC Alsace Grand Cru Kitterlé Pinot Gris,1B023S 3
AOC,,AOC Alsace Grand Cru,,Kitterlé,,Muscat,AOC Alsace Grand Cru Kitterlé Muscat,1B023S 2
AOC,,AOC Alsace Grand Cru,,Kitterlé,,Gewurztraminer,AOC Alsace Grand Cru Kitterlé Gewurztraminer,1B023S 1
AOC,,AOC Alsace Grand Cru,,Moenchberg,,Riesling,AOC Alsace Grand Cru Moenchberg Riesling,1B027S 4
AOC,,AOC Alsace Grand Cru,,Moenchberg,,Pinot Gris,AOC Alsace Grand Cru Moenchberg Pinot Gris,1B027S 3
AOC,,AOC Alsace Grand Cru,,Moenchberg,,Muscat,AOC Alsace Grand Cru Moenchberg Muscat,1B027S 2
AOC,,AOC Alsace Grand Cru,,Moenchberg,,Gewurztraminer,AOC Alsace Grand Cru Moenchberg Gewurztraminer,1B027S 1
AOC,,AOC Alsace Grand Cru,,Ollwiller,,Riesling,AOC Alsace Grand Cru Ollwiller Riesling,1B029S 4
AOC,,AOC Alsace Grand Cru,,Ollwiller,,Pinot Gris,AOC Alsace Grand Cru Ollwiller Pinot Gris,1B029S 3
AOC,,AOC Alsace Grand Cru,,Ollwiller,,Muscat,AOC Alsace Grand Cru Ollwiller Muscat,1B029S 2
AOC,,AOC Alsace Grand Cru,,Ollwiller,,Gewurztraminer,AOC Alsace Grand Cru Ollwiller Gewurztraminer,1B029S 1
AOC,,AOC Alsace Grand Cru,,Rangen,,Riesling,AOC Alsace Grand Cru Rangen Riesling,1B034S 4
AOC,,AOC Alsace Grand Cru,,Rangen,,Pinot Gris,AOC Alsace Grand Cru Rangen Pinot Gris,1B034S 3
AOC,,AOC Alsace Grand Cru,,Rangen,,Muscat,AOC Alsace Grand Cru Rangen Muscat,1B034S 2
AOC,,AOC Alsace Grand Cru,,Rangen,,Gewurztraminer,AOC Alsace Grand Cru Rangen Gewurztraminer,1B034S 1
AOC,,AOC Alsace Grand Cru,,Rosacker,,Riesling,AOC Alsace Grand Cru Rosacker Riesling,1B035S 4
AOC,,AOC Alsace Grand Cru,,Rosacker,,Pinot Gris,AOC Alsace Grand Cru Rosacker Pinot Gris,1B035S 3
AOC,,AOC Alsace Grand Cru,,Rosacker,,Muscat,AOC Alsace Grand Cru Rosacker Muscat,1B035S 2
AOC,,AOC Alsace Grand Cru,,Rosacker,,Gewurztraminer,AOC Alsace Grand Cru Rosacker Gewurztraminer,1B035S 1
AOC,,AOC Alsace Grand Cru,,Saering,,Riesling,AOC Alsace Grand Cru Saering Riesling,1B036S 4
AOC,,AOC Alsace Grand Cru,,Saering,,Pinot Gris,AOC Alsace Grand Cru Saering Pinot Gris,1B036S 3
AOC,,AOC Alsace Grand Cru,,Saering,,Muscat,AOC Alsace Grand Cru Saering Muscat,1B036S 2
AOC,,AOC Alsace Grand Cru,,Saering,,Gewurztraminer,AOC Alsace Grand Cru Saering Gewurztraminer,1B036S 1
AOC,,AOC Alsace Grand Cru,,Schlossberg,,Riesling,AOC Alsace Grand Cru Schlossberg Riesling,1B037S 4
AOC,,AOC Alsace Grand Cru,,Schlossberg,,Pinot Gris,AOC Alsace Grand Cru Schlossberg Pinot Gris,1B037S 3
AOC,,AOC Alsace Grand Cru,,Schlossberg,,Muscat,AOC Alsace Grand Cru Schlossberg Muscat,1B037S 2
AOC,,AOC Alsace Grand Cru,,Schlossberg,,Gewurztraminer,AOC Alsace Grand Cru Schlossberg Gewurztraminer,1B037S 1
AOC,,AOC Alsace Grand Cru,,Sommerberg,,Riesling,AOC Alsace Grand Cru Sommerberg Riesling,1B039S 4
AOC,,AOC Alsace Grand Cru,,Sommerberg,,Pinot Gris,AOC Alsace Grand Cru Sommerberg Pinot Gris,1B039S 3
AOC,,AOC Alsace Grand Cru,,Sommerberg,,Muscat,AOC Alsace Grand Cru Sommerberg Muscat,1B039S 2
AOC,,AOC Alsace Grand Cru,,Sommerberg,,Gewurztraminer,AOC Alsace Grand Cru Sommerberg Gewurztraminer,1B039S 1
AOC,,AOC Alsace Grand Cru,,Sonnenglanz,,Riesling,AOC Alsace Grand Cru Sonnenglanz Riesling,1B040S 4
AOC,,AOC Alsace Grand Cru,,Sonnenglanz,,Pinot Gris,AOC Alsace Grand Cru Sonnenglanz Pinot Gris,1B040S 3
AOC,,AOC Alsace Grand Cru,,Sonnenglanz,,Muscat,AOC Alsace Grand Cru Sonnenglanz Muscat,1B040S 2
AOC,,AOC Alsace Grand Cru,,Sonnenglanz,,Gewurztraminer,AOC Alsace Grand Cru Sonnenglanz Gewurztraminer,1B040S 1
AOC,,AOC Alsace Grand Cru,,Spiegel,,Riesling,AOC Alsace Grand Cru Spiegel Riesling,1B041S 4
AOC,,AOC Alsace Grand Cru,,Spiegel,,Pinot Gris,AOC Alsace Grand Cru Spiegel Pinot Gris,1B041S 3
AOC,,AOC Alsace Grand Cru,,Spiegel,,Muscat,AOC Alsace Grand Cru Spiegel Muscat,1B041S 2
AOC,,AOC Alsace Grand Cru,,Spiegel,,Gewurztraminer,AOC Alsace Grand Cru Spiegel Gewurztraminer,1B041S 1
AOC,,AOC Alsace Grand Cru,,Wiebelsberg,,Riesling,AOC Alsace Grand Cru Wiebelsberg Riesling,1B047S 4
AOC,,AOC Alsace Grand Cru,,Wiebelsberg,,Pinot Gris,AOC Alsace Grand Cru Wiebelsberg Pinot Gris,1B047S 3
AOC,,AOC Alsace Grand Cru,,Wiebelsberg,,Muscat,AOC Alsace Grand Cru Wiebelsberg Muscat,1B047S 2
AOC,,AOC Alsace Grand Cru,,Wiebelsberg,,Gewurztraminer,AOC Alsace Grand Cru Wiebelsberg Gewurztraminer,1B047S 1
AOC,,AOC Alsace Grand Cru,,Altenberg de Wolxheim,,Riesling,AOC Alsace Grand Cru Altenberg de Wolxheim Riesling,1B004S 4
AOC,,AOC Alsace Grand Cru,,Altenberg de Wolxheim,,Pinot Gris,AOC Alsace Grand Cru Altenberg de Wolxheim Pinot Gris,1B004S 3
AOC,,AOC Alsace Grand Cru,,Altenberg de Wolxheim,,Muscat,AOC Alsace Grand Cru Altenberg de Wolxheim Muscat,1B004S 2
AOC,,AOC Alsace Grand Cru,,Altenberg de Wolxheim,,Gewurztraminer,AOC Alsace Grand Cru Altenberg de Wolxheim Gewurztraminer,1B004S 1
AOC,,AOC Alsace Grand Cru,,Engelberg,,Riesling,AOC Alsace Grand Cru Engelberg Riesling,1B008S 4
AOC,,AOC Alsace Grand Cru,,Engelberg,,Pinot Gris,AOC Alsace Grand Cru Engelberg Pinot Gris,1B008S 3
AOC,,AOC Alsace Grand Cru,,Engelberg,,Muscat,AOC Alsace Grand Cru Engelberg Muscat,1B008S 2
AOC,,AOC Alsace Grand Cru,,Engelberg,,Gewurztraminer,AOC Alsace Grand Cru Engelberg Gewurztraminer,1B008S 1
AOC,,AOC Alsace Grand Cru,,Frankstein,,Riesling,AOC Alsace Grand Cru Frankstein Riesling,1B010S 4
AOC,,AOC Alsace Grand Cru,,Frankstein,,Pinot Gris,AOC Alsace Grand Cru Frankstein Pinot Gris,1B010S 3
AOC,,AOC Alsace Grand Cru,,Frankstein,,Muscat,AOC Alsace Grand Cru Frankstein Muscat,1B010S 2
AOC,,AOC Alsace Grand Cru,,Frankstein,,Gewurztraminer,AOC Alsace Grand Cru Frankstein Gewurztraminer,1B010S 1
AOC,,AOC Alsace Grand Cru,,Froehn,,Riesling,AOC Alsace Grand Cru Froehn Riesling,1B011S 4
AOC,,AOC Alsace Grand Cru,,Froehn,,Pinot Gris,AOC Alsace Grand Cru Froehn Pinot Gris,1B011S 3
AOC,,AOC Alsace Grand Cru,,Froehn,,Muscat,AOC Alsace Grand Cru Froehn Muscat,1B011S 2
AOC,,AOC Alsace Grand Cru,,Froehn,,Gewurztraminer,AOC Alsace Grand Cru Froehn Gewurztraminer,1B011S 1
AOC,,AOC Alsace Grand Cru,,Mambourg,,Riesling,AOC Alsace Grand Cru Mambourg Riesling,1B024S 4
AOC,,AOC Alsace Grand Cru,,Mambourg,,Pinot Gris,AOC Alsace Grand Cru Mambourg Pinot Gris,1B024S 3
AOC,,AOC Alsace Grand Cru,,Mambourg,,Muscat,AOC Alsace Grand Cru Mambourg Muscat,1B024S 2
AOC,,AOC Alsace Grand Cru,,Mambourg,,Gewurztraminer,AOC Alsace Grand Cru Mambourg Gewurztraminer,1B024S 1
AOC,,AOC Alsace Grand Cru,,Mandelberg,,Riesling,AOC Alsace Grand Cru Mandelberg Riesling,1B025S 4
AOC,,AOC Alsace Grand Cru,,Mandelberg,,Pinot Gris,AOC Alsace Grand Cru Mandelberg Pinot Gris,1B025S 3
AOC,,AOC Alsace Grand Cru,,Mandelberg,,Muscat,AOC Alsace Grand Cru Mandelberg Muscat,1B025S 2
AOC,,AOC Alsace Grand Cru,,Mandelberg,,Gewurztraminer,AOC Alsace Grand Cru Mandelberg Gewurztraminer,1B025S 1
AOC,,AOC Alsace Grand Cru,,Marckrain,,Riesling,AOC Alsace Grand Cru Marckrain Riesling,1B026S 4
AOC,,AOC Alsace Grand Cru,,Marckrain,,Pinot Gris,AOC Alsace Grand Cru Marckrain Pinot Gris,1B026S 3
AOC,,AOC Alsace Grand Cru,,Marckrain,,Muscat,AOC Alsace Grand Cru Marckrain Muscat,1B026S 2
AOC,,AOC Alsace Grand Cru,,Marckrain,,Gewurztraminer,AOC Alsace Grand Cru Marckrain Gewurztraminer,1B026S 1
AOC,,AOC Alsace Grand Cru,,Muenchberg,,Riesling,AOC Alsace Grand Cru Muenchberg Riesling,1B028S 4
AOC,,AOC Alsace Grand Cru,,Muenchberg,,Pinot Gris,AOC Alsace Grand Cru Muenchberg Pinot Gris,1B028S 3
AOC,,AOC Alsace Grand Cru,,Muenchberg,,Muscat,AOC Alsace Grand Cru Muenchberg Muscat,1B028S 2
AOC,,AOC Alsace Grand Cru,,Muenchberg,,Gewurztraminer,AOC Alsace Grand Cru Muenchberg Gewurztraminer,1B028S 1
AOC,,AOC Alsace Grand Cru,,Osterberg,,Riesling,AOC Alsace Grand Cru Osterberg Riesling,1B030S 4
AOC,,AOC Alsace Grand Cru,,Osterberg,,Pinot Gris,AOC Alsace Grand Cru Osterberg Pinot Gris,1B030S 3
AOC,,AOC Alsace Grand Cru,,Osterberg,,Muscat,AOC Alsace Grand Cru Osterberg Muscat,1B030S 2
AOC,,AOC Alsace Grand Cru,,Osterberg,,Gewurztraminer,AOC Alsace Grand Cru Osterberg Gewurztraminer,1B030S 1
AOC,,AOC Alsace Grand Cru,,Pfersigberg,,Riesling,AOC Alsace Grand Cru Pfersigberg Riesling,1B031S 4
AOC,,AOC Alsace Grand Cru,,Pfersigberg,,Pinot Gris,AOC Alsace Grand Cru Pfersigberg Pinot Gris,1B031S 3
AOC,,AOC Alsace Grand Cru,,Pfersigberg,,Muscat,AOC Alsace Grand Cru Pfersigberg Muscat,1B031S 2
AOC,,AOC Alsace Grand Cru,,Pfersigberg,,Gewurztraminer,AOC Alsace Grand Cru Pfersigberg Gewurztraminer,1B031S 1
AOC,,AOC Alsace Grand Cru,,Pfingstberg,,Riesling,AOC Alsace Grand Cru Pfingstberg Riesling,1B032S 4
AOC,,AOC Alsace Grand Cru,,Pfingstberg,,Pinot Gris,AOC Alsace Grand Cru Pfingstberg Pinot Gris,1B032S 3
AOC,,AOC Alsace Grand Cru,,Pfingstberg,,Muscat,AOC Alsace Grand Cru Pfingstberg Muscat,1B032S 2
AOC,,AOC Alsace Grand Cru,,Pfingstberg,,Gewurztraminer,AOC Alsace Grand Cru Pfingstberg Gewurztraminer,1B032S 1
AOC,,AOC Alsace Grand Cru,,Praelatenberg,,Riesling,AOC Alsace Grand Cru Praelatenberg Riesling,1B033S 4
AOC,,AOC Alsace Grand Cru,,Praelatenberg,,Pinot Gris,AOC Alsace Grand Cru Praelatenberg Pinot Gris,1B033S 3
AOC,,AOC Alsace Grand Cru,,Praelatenberg,,Muscat,AOC Alsace Grand Cru Praelatenberg Muscat,1B033S 2
AOC,,AOC Alsace Grand Cru,,Praelatenberg,,Gewurztraminer,AOC Alsace Grand Cru Praelatenberg Gewurztraminer,1B033S 1
AOC,,AOC Alsace Grand Cru,,Schoenenbourg,,Riesling,AOC Alsace Grand Cru Schoenenbourg Riesling,1B038S 4
AOC,,AOC Alsace Grand Cru,,Schoenenbourg,,Pinot Gris,AOC Alsace Grand Cru Schoenenbourg Pinot Gris,1B038S 3
AOC,,AOC Alsace Grand Cru,,Schoenenbourg,,Muscat,AOC Alsace Grand Cru Schoenenbourg Muscat,1B038S 2
AOC,,AOC Alsace Grand Cru,,Schoenenbourg,,Gewurztraminer,AOC Alsace Grand Cru Schoenenbourg Gewurztraminer,1B038S 1
AOC,,AOC Alsace Grand Cru,,Sporen,,Riesling,AOC Alsace Grand Cru Sporen Riesling,1B042S 4
AOC,,AOC Alsace Grand Cru,,Sporen,,Pinot Gris,AOC Alsace Grand Cru Sporen Pinot Gris,1B042S 3
AOC,,AOC Alsace Grand Cru,,Sporen,,Muscat,AOC Alsace Grand Cru Sporen Muscat,1B042S 2
AOC,,AOC Alsace Grand Cru,,Sporen,,Gewurztraminer,AOC Alsace Grand Cru Sporen Gewurztraminer,1B042S 1
AOC,,AOC Alsace Grand Cru,,Steinert,,Riesling,AOC Alsace Grand Cru Steinert Riesling,1B043S 4
AOC,,AOC Alsace Grand Cru,,Steinert,,Pinot Gris,AOC Alsace Grand Cru Steinert Pinot Gris,1B043S 3
AOC,,AOC Alsace Grand Cru,,Steinert,,Muscat,AOC Alsace Grand Cru Steinert Muscat,1B043S 2
AOC,,AOC Alsace Grand Cru,,Steinert,,Gewurztraminer,AOC Alsace Grand Cru Steinert Gewurztraminer,1B043S 1
AOC,,AOC Alsace Grand Cru,,Steingrubler,,Riesling,AOC Alsace Grand Cru Steingrubler Riesling,1B044S 4
AOC,,AOC Alsace Grand Cru,,Steingrubler,,Pinot Gris,AOC Alsace Grand Cru Steingrubler Pinot Gris,1B044S 3
AOC,,AOC Alsace Grand Cru,,Steingrubler,,Muscat,AOC Alsace Grand Cru Steingrubler Muscat,1B044S 2
AOC,,AOC Alsace Grand Cru,,Steingrubler,,Gewurztraminer,AOC Alsace Grand Cru Steingrubler Gewurztraminer,1B044S 1
AOC,,AOC Alsace Grand Cru,,Steinklotz,,Riesling,AOC Alsace Grand Cru Steinklotz Riesling,1B045S 4
AOC,,AOC Alsace Grand Cru,,Steinklotz,,Pinot Gris,AOC Alsace Grand Cru Steinklotz Pinot Gris,1B045S 3
AOC,,AOC Alsace Grand Cru,,Steinklotz,,Muscat,AOC Alsace Grand Cru Steinklotz Muscat,1B045S 2
AOC,,AOC Alsace Grand Cru,,Steinklotz,,Gewurztraminer,AOC Alsace Grand Cru Steinklotz Gewurztraminer,1B045S 1
AOC,,AOC Alsace Grand Cru,,Vorbourg,,Riesling,AOC Alsace Grand Cru Vorbourg Riesling,1B046S 4
AOC,,AOC Alsace Grand Cru,,Vorbourg,,Pinot Gris,AOC Alsace Grand Cru Vorbourg Pinot Gris,1B046S 3
AOC,,AOC Alsace Grand Cru,,Vorbourg,,Muscat,AOC Alsace Grand Cru Vorbourg Muscat,1B046S 2
AOC,,AOC Alsace Grand Cru,,Vorbourg,,Gewurztraminer,AOC Alsace Grand Cru Vorbourg Gewurztraminer,1B046S 1
AOC,,AOC Alsace Grand Cru,,Wineck-Schlossberg,,Riesling,AOC Alsace Grand Cru Wineck-Schlossberg Riesling,1B048S 4
AOC,,AOC Alsace Grand Cru,,Wineck-Schlossberg,,Pinot Gris,AOC Alsace Grand Cru Wineck-Schlossberg Pinot Gris,1B048S 3
AOC,,AOC Alsace Grand Cru,,Wineck-Schlossberg,,Muscat,AOC Alsace Grand Cru Wineck-Schlossberg Muscat,1B048S 2
AOC,,AOC Alsace Grand Cru,,Wineck-Schlossberg,,Gewurztraminer,AOC Alsace Grand Cru Wineck-Schlossberg Gewurztraminer,1B048S 1
AOC,,AOC Alsace Grand Cru,,Winzenberg,,Riesling,AOC Alsace Grand Cru Winzenberg Riesling,1B049S 4
AOC,,AOC Alsace Grand Cru,,Winzenberg,,Pinot Gris,AOC Alsace Grand Cru Winzenberg Pinot Gris,1B049S 3
AOC,,AOC Alsace Grand Cru,,Winzenberg,,Muscat,AOC Alsace Grand Cru Winzenberg Muscat,1B049S 2
AOC,,AOC Alsace Grand Cru,,Winzenberg,,Gewurztraminer,AOC Alsace Grand Cru Winzenberg Gewurztraminer,1B049S 1
AOC,,AOC Alsace Grand Cru,,Zinnkoepflé,,Riesling,AOC Alsace Grand Cru Zinnkoepflé Riesling,1B050S 4
AOC,,AOC Alsace Grand Cru,,Zinnkoepflé,,Pinot Gris,AOC Alsace Grand Cru Zinnkoepflé Pinot Gris,1B050S 3
AOC,,AOC Alsace Grand Cru,,Zinnkoepflé,,Muscat,AOC Alsace Grand Cru Zinnkoepflé Muscat,1B050S 2
AOC,,AOC Alsace Grand Cru,,Zinnkoepflé,,Gewurztraminer,AOC Alsace Grand Cru Zinnkoepflé Gewurztraminer,1B050S 1
AOC,,AOC Alsace Grand Cru,,Zotzenberg,,Sylvaner,AOC Alsace Grand Cru Zotzenberg Sylvaner,1B051S 8
AOC,,AOC Alsace Grand Cru,,Zotzenberg,,Riesling,AOC Alsace Grand Cru Zotzenberg Riesling,1B051S 4
AOC,,AOC Alsace Grand Cru,,Zotzenberg,,Pinot Gris,AOC Alsace Grand Cru Zotzenberg Pinot Gris,1B051S 3
AOC,,AOC Alsace Grand Cru,,Zotzenberg,,Gewurztraminer,AOC Alsace Grand Cru Zotzenberg Gewurztraminer,1B051S 1
AOC,,AOC Alsace Grand Cru,,Furstentum,,Riesling,AOC Alsace Grand Cru Furstentum Riesling,1B012S 4
AOC,,AOC Alsace Grand Cru,,Furstentum,,Pinot Gris,AOC Alsace Grand Cru Furstentum Pinot Gris,1B012S 3
AOC,,AOC Alsace Grand Cru,,Furstentum,,Muscat,AOC Alsace Grand Cru Furstentum Muscat,1B012S 2
AOC,,AOC Alsace Grand Cru,,Furstentum,,Gewurztraminer,AOC Alsace Grand Cru Furstentum Gewurztraminer,1B012S 1
AOC,,AOC Alsace Grand Cru,,Bruderthal,,Riesling,AOC Alsace Grand Cru Bruderthal Riesling,1B006S 4
AOC,,AOC Alsace Grand Cru,,Bruderthal,,Pinot Gris,AOC Alsace Grand Cru Bruderthal Pinot Gris,1B006S 3
AOC,,AOC Alsace Grand Cru,,Bruderthal,,Muscat,AOC Alsace Grand Cru Bruderthal Muscat,1B006S 2
AOC,,AOC Alsace Grand Cru,,Bruderthal,,Gewurztraminer,AOC Alsace Grand Cru Bruderthal Gewurztraminer,1B006S 1
AOC,,AOC Alsace Grand Cru,,Florimont,,Riesling,AOC Alsace Grand Cru Florimont Riesling,1B009S 4
AOC,,AOC Alsace Grand Cru,,Florimont,,Pinot Gris,AOC Alsace Grand Cru Florimont Pinot Gris,1B009S 3
AOC,,AOC Alsace Grand Cru,,Florimont,,Muscat,AOC Alsace Grand Cru Florimont Muscat,1B009S 2
AOC,,AOC Alsace Grand Cru,,Florimont,,Gewurztraminer,AOC Alsace Grand Cru Florimont Gewurztraminer,1B009S 1
AOC,,AOC Alsace Grand Cru,,Kaefferkopf,,Assemblage,AOC Alsace Grand Cru Kaefferkopf Assemblage,1B053S 9
AOC,,AOC Alsace Grand Cru,,Kaefferkopf,,Riesling,AOC Alsace Grand Cru Kaefferkopf Riesling,1B053S 4
AOC,,AOC Alsace Grand Cru,,Kaefferkopf,,Pinot Gris,AOC Alsace Grand Cru Kaefferkopf Pinot Gris,1B053S 3
AOC,,AOC Alsace Grand Cru,,Kaefferkopf,,Gewurztraminer,AOC Alsace Grand Cru Kaefferkopf Gewurztraminer,1B053S 1
AOC,,AOC Alsace Grand Cru,,Altenberg de Bergbieten,,Riesling,AOC Alsace Grand Cru Altenberg de Bergbieten Riesling,1B002S 4
AOC,,AOC Alsace Grand Cru,,Altenberg de Bergbieten,,Pinot Gris,AOC Alsace Grand Cru Altenberg de Bergbieten Pinot Gris,1B002S 3
AOC,,AOC Alsace Grand Cru,,Altenberg de Bergbieten,,Muscat,AOC Alsace Grand Cru Altenberg de Bergbieten Muscat,1B002S 2
AOC,,AOC Alsace Grand Cru,,Altenberg de Bergbieten,,Gewurztraminer,AOC Alsace Grand Cru Altenberg de Bergbieten Gewurztraminer,1B002S 1
AOC,,AOC Alsace Grand Cru,,Altenberg de Bergheim,,Assemblage,AOC Alsace Grand Cru Altenberg de Bergheim Assemblage,1B003S 9
AOC,,AOC Alsace Grand Cru,,Altenberg de Bergheim,,Riesling,AOC Alsace Grand Cru Altenberg de Bergheim Riesling,1B003S 4
AOC,,AOC Alsace Grand Cru,,Altenberg de Bergheim,,Pinot Gris,AOC Alsace Grand Cru Altenberg de Bergheim Pinot Gris,1B003S 3
AOC,,AOC Alsace Grand Cru,,Altenberg de Bergheim,,Gewurztraminer,AOC Alsace Grand Cru Altenberg de Bergheim Gewurztraminer,1B003S 1
AOC,,AOC Alsace Grand Cru,,Brand,,Riesling,AOC Alsace Grand Cru Brand Riesling,1B005S 4
AOC,,AOC Alsace Grand Cru,,Brand,,Pinot Gris,AOC Alsace Grand Cru Brand Pinot Gris,1B005S 3
AOC,,AOC Alsace Grand Cru,,Brand,,Muscat,AOC Alsace Grand Cru Brand Muscat,1B005S 2
AOC,,AOC Alsace Grand Cru,,Brand,,Gewurztraminer,AOC Alsace Grand Cru Brand Gewurztraminer,1B005S 1
AOC,,AOC Alsace Grand Cru,,Eichberg,,Riesling,AOC Alsace Grand Cru Eichberg Riesling,1B007S 4
AOC,,AOC Alsace Grand Cru,,Eichberg,,Pinot Gris,AOC Alsace Grand Cru Eichberg Pinot Gris,1B007S 3
AOC,,AOC Alsace Grand Cru,,Eichberg,,Muscat,AOC Alsace Grand Cru Eichberg Muscat,1B007S 2
AOC,,AOC Alsace Grand Cru,,Eichberg,,Gewurztraminer,AOC Alsace Grand Cru Eichberg Gewurztraminer,1B007S 1
AOC,,AOC Alsace Grand Cru,,Geisberg,,Riesling,AOC Alsace Grand Cru Geisberg Riesling,1B013S 4
AOC,,AOC Alsace Grand Cru,,Geisberg,,Pinot Gris,AOC Alsace Grand Cru Geisberg Pinot Gris,1B013S 3
AOC,,AOC Alsace Grand Cru,,Geisberg,,Muscat,AOC Alsace Grand Cru Geisberg Muscat,1B013S 2
AOC,,AOC Alsace Grand Cru,,Geisberg,,Gewurztraminer,AOC Alsace Grand Cru Geisberg Gewurztraminer,1B013S 1
AOC,,AOC Alsace Grand Cru,,Gloeckelberg,,Riesling,AOC Alsace Grand Cru Gloeckelberg Riesling,1B014S 4
AOC,,AOC Alsace Grand Cru,,Gloeckelberg,,Pinot Gris,AOC Alsace Grand Cru Gloeckelberg Pinot Gris,1B014S 3
AOC,,AOC Alsace Grand Cru,,Gloeckelberg,,Muscat,AOC Alsace Grand Cru Gloeckelberg Muscat,1B014S 2
AOC,,AOC Alsace Grand Cru,,Gloeckelberg,,Gewurztraminer,AOC Alsace Grand Cru Gloeckelberg Gewurztraminer,1B014S 1
AOC,,AOC Alsace Grand Cru,,Goldert,,Riesling,AOC Alsace Grand Cru Goldert Riesling,1B015S 4
AOC,,AOC Alsace Grand Cru,,Goldert,,Pinot Gris,AOC Alsace Grand Cru Goldert Pinot Gris,1B015S 3
AOC,,AOC Alsace Grand Cru,,Goldert,,Muscat,AOC Alsace Grand Cru Goldert Muscat,1B015S 2
AOC,,AOC Alsace Grand Cru,,Goldert,,Gewurztraminer,AOC Alsace Grand Cru Goldert Gewurztraminer,1B015S 1
AOC,,AOC Alsace Grand Cru,,Hatschbourg,,Riesling,AOC Alsace Grand Cru Hatschbourg Riesling,1B016S 4
AOC,,AOC Alsace Grand Cru,,Hatschbourg,,Pinot Gris,AOC Alsace Grand Cru Hatschbourg Pinot Gris,1B016S 3
AOC,,AOC Alsace Grand Cru,,Hatschbourg,,Muscat,AOC Alsace Grand Cru Hatschbourg Muscat,1B016S 2
AOC,,AOC Alsace Grand Cru,,Hatschbourg,,Gewurztraminer,AOC Alsace Grand Cru Hatschbourg Gewurztraminer,1B016S 1
AOC,,AOC Alsace Grand Cru,,Hengst,,Riesling,AOC Alsace Grand Cru Hengst Riesling,1B017S 4
AOC,,AOC Alsace Grand Cru,,Hengst,,Pinot Gris,AOC Alsace Grand Cru Hengst Pinot Gris,1B017S 3
AOC,,AOC Alsace Grand Cru,,Hengst,,Muscat,AOC Alsace Grand Cru Hengst Muscat,1B017S 2
AOC,,AOC Alsace Grand Cru,,Hengst,,Gewurztraminer,AOC Alsace Grand Cru Hengst Gewurztraminer,1B017S 1
AOC,,AOC Alsace Grand Cru,VT,Kanzlerberg,,Riesling,AOC Alsace Grand Cru Kanzlerberg Riesling VT,1B018D14
AOC,,AOC Alsace Grand Cru,VT,Kanzlerberg,,Pinot Gris,AOC Alsace Grand Cru Kanzlerberg Pinot Gris VT,1B018D13
AOC,,AOC Alsace Grand Cru,VT,Kanzlerberg,,Muscat,AOC Alsace Grand Cru Kanzlerberg Muscat VT,1B018D12
AOC,,AOC Alsace Grand Cru,VT,Kanzlerberg,,Gewurztraminer,AOC Alsace Grand Cru Kanzlerberg Gewurztraminer VT,1B018D11
AOC,,AOC Alsace Grand Cru,VT,Kastelberg,,Riesling,AOC Alsace Grand Cru Kastelberg Riesling VT,1B019D14
AOC,,AOC Alsace Grand Cru,VT,Kastelberg,,Pinot Gris,AOC Alsace Grand Cru Kastelberg Pinot Gris VT,1B019D13
AOC,,AOC Alsace Grand Cru,VT,Kastelberg,,Muscat,AOC Alsace Grand Cru Kastelberg Muscat VT,1B019D12
AOC,,AOC Alsace Grand Cru,VT,Kastelberg,,Gewurztraminer,AOC Alsace Grand Cru Kastelberg Gewurztraminer VT,1B019D11
AOC,,AOC Alsace Grand Cru,VT,Kessler,,Riesling,AOC Alsace Grand Cru Kessler Riesling VT,1B020D14
AOC,,AOC Alsace Grand Cru,VT,Kessler,,Pinot Gris,AOC Alsace Grand Cru Kessler Pinot Gris VT,1B020D13
AOC,,AOC Alsace Grand Cru,VT,Kessler,,Muscat,AOC Alsace Grand Cru Kessler Muscat VT,1B020D12
AOC,,AOC Alsace Grand Cru,VT,Kessler,,Gewurztraminer,AOC Alsace Grand Cru Kessler Gewurztraminer VT,1B020D11
AOC,,AOC Alsace Grand Cru,VT,Kirchberg de Barr,,Riesling,AOC Alsace Grand Cru Kirchberg de Barr Riesling VT,1B021D14
AOC,,AOC Alsace Grand Cru,VT,Kirchberg de Barr,,Pinot Gris,AOC Alsace Grand Cru Kirchberg de Barr Pinot Gris VT,1B021D13
AOC,,AOC Alsace Grand Cru,VT,Kirchberg de Barr,,Muscat,AOC Alsace Grand Cru Kirchberg de Barr Muscat VT,1B021D12
AOC,,AOC Alsace Grand Cru,VT,Kirchberg de Barr,,Gewurztraminer,AOC Alsace Grand Cru Kirchberg de Barr Gewurztraminer VT,1B021D11
AOC,,AOC Alsace Grand Cru,VT,Kirchberg de Ribeauvillé,,Riesling,AOC Alsace Grand Cru Kirchberg de Ribeauvillé Riesling VT,1B022D14
AOC,,AOC Alsace Grand Cru,VT,Kirchberg de Ribeauvillé,,Pinot Gris,AOC Alsace Grand Cru Kirchberg de Ribeauvillé Pinot Gris VT,1B022D13
AOC,,AOC Alsace Grand Cru,VT,Kirchberg de Ribeauvillé,,Muscat,AOC Alsace Grand Cru Kirchberg de Ribeauvillé Muscat VT,1B022D12
AOC,,AOC Alsace Grand Cru,VT,Kirchberg de Ribeauvillé,,Gewurztraminer,AOC Alsace Grand Cru Kirchberg de Ribeauvillé Gewurztraminer VT,1B022D11
AOC,,AOC Alsace Grand Cru,VT,Kitterlé,,Riesling,AOC Alsace Grand Cru Kitterlé Riesling VT,1B023D14
AOC,,AOC Alsace Grand Cru,VT,Kitterlé,,Pinot Gris,AOC Alsace Grand Cru Kitterlé Pinot Gris VT,1B023D13
AOC,,AOC Alsace Grand Cru,VT,Kitterlé,,Muscat,AOC Alsace Grand Cru Kitterlé Muscat VT,1B023D12
AOC,,AOC Alsace Grand Cru,VT,Kitterlé,,Gewurztraminer,AOC Alsace Grand Cru Kitterlé Gewurztraminer VT,1B023D11
AOC,,AOC Alsace Grand Cru,VT,Moenchberg,,Riesling,AOC Alsace Grand Cru Moenchberg Riesling VT,1B027D14
AOC,,AOC Alsace Grand Cru,VT,Moenchberg,,Pinot Gris,AOC Alsace Grand Cru Moenchberg Pinot Gris VT,1B027D13
AOC,,AOC Alsace Grand Cru,VT,Moenchberg,,Muscat,AOC Alsace Grand Cru Moenchberg Muscat VT,1B027D12
AOC,,AOC Alsace Grand Cru,VT,Moenchberg,,Gewurztraminer,AOC Alsace Grand Cru Moenchberg Gewurztraminer VT,1B027D11
AOC,,AOC Alsace Grand Cru,VT,Ollwiller,,Riesling,AOC Alsace Grand Cru Ollwiller Riesling VT,1B029D14
AOC,,AOC Alsace Grand Cru,VT,Ollwiller,,Pinot Gris,AOC Alsace Grand Cru Ollwiller Pinot Gris VT,1B029D13
AOC,,AOC Alsace Grand Cru,VT,Ollwiller,,Muscat,AOC Alsace Grand Cru Ollwiller Muscat VT,1B029D12
AOC,,AOC Alsace Grand Cru,VT,Ollwiller,,Gewurztraminer,AOC Alsace Grand Cru Ollwiller Gewurztraminer VT,1B029D11
AOC,,AOC Alsace Grand Cru,VT,Rangen,,Riesling,AOC Alsace Grand Cru Rangen Riesling VT,1B034D14
AOC,,AOC Alsace Grand Cru,VT,Rangen,,Pinot Gris,AOC Alsace Grand Cru Rangen Pinot Gris VT,1B034D13
AOC,,AOC Alsace Grand Cru,VT,Rangen,,Muscat,AOC Alsace Grand Cru Rangen Muscat VT,1B034D12
AOC,,AOC Alsace Grand Cru,VT,Rangen,,Gewurztraminer,AOC Alsace Grand Cru Rangen Gewurztraminer VT,1B034D11
AOC,,AOC Alsace Grand Cru,VT,Rosacker,,Riesling,AOC Alsace Grand Cru Rosacker Riesling VT,1B035D14
AOC,,AOC Alsace Grand Cru,VT,Rosacker,,Pinot Gris,AOC Alsace Grand Cru Rosacker Pinot Gris VT,1B035D13
AOC,,AOC Alsace Grand Cru,VT,Rosacker,,Muscat,AOC Alsace Grand Cru Rosacker Muscat VT,1B035D12
AOC,,AOC Alsace Grand Cru,VT,Rosacker,,Gewurztraminer,AOC Alsace Grand Cru Rosacker Gewurztraminer VT,1B035D11
AOC,,AOC Alsace Grand Cru,VT,Saering,,Riesling,AOC Alsace Grand Cru Saering Riesling VT,1B036D14
AOC,,AOC Alsace Grand Cru,VT,Saering,,Pinot Gris,AOC Alsace Grand Cru Saering Pinot Gris VT,1B036D13
AOC,,AOC Alsace Grand Cru,VT,Saering,,Muscat,AOC Alsace Grand Cru Saering Muscat VT,1B036D12
AOC,,AOC Alsace Grand Cru,VT,Saering,,Gewurztraminer,AOC Alsace Grand Cru Saering Gewurztraminer VT,1B036D11
AOC,,AOC Alsace Grand Cru,VT,Schlossberg,,Riesling,AOC Alsace Grand Cru Schlossberg Riesling VT,1B037D14
AOC,,AOC Alsace Grand Cru,VT,Schlossberg,,Pinot Gris,AOC Alsace Grand Cru Schlossberg Pinot Gris VT,1B037D13
AOC,,AOC Alsace Grand Cru,VT,Schlossberg,,Muscat,AOC Alsace Grand Cru Schlossberg Muscat VT,1B037D12
AOC,,AOC Alsace Grand Cru,VT,Schlossberg,,Gewurztraminer,AOC Alsace Grand Cru Schlossberg Gewurztraminer VT,1B037D11
AOC,,AOC Alsace Grand Cru,VT,Sommerberg,,Riesling,AOC Alsace Grand Cru Sommerberg Riesling VT,1B039D14
AOC,,AOC Alsace Grand Cru,VT,Sommerberg,,Pinot Gris,AOC Alsace Grand Cru Sommerberg Pinot Gris VT,1B039D13
AOC,,AOC Alsace Grand Cru,VT,Sommerberg,,Muscat,AOC Alsace Grand Cru Sommerberg Muscat VT,1B039D12
AOC,,AOC Alsace Grand Cru,VT,Sommerberg,,Gewurztraminer,AOC Alsace Grand Cru Sommerberg Gewurztraminer VT,1B039D11
AOC,,AOC Alsace Grand Cru,VT,Sonnenglanz,,Riesling,AOC Alsace Grand Cru Sonnenglanz Riesling VT,1B040D14
AOC,,AOC Alsace Grand Cru,VT,Sonnenglanz,,Pinot Gris,AOC Alsace Grand Cru Sonnenglanz Pinot Gris VT,1B040D13
AOC,,AOC Alsace Grand Cru,VT,Sonnenglanz,,Muscat,AOC Alsace Grand Cru Sonnenglanz Muscat VT,1B040D12
AOC,,AOC Alsace Grand Cru,VT,Sonnenglanz,,Gewurztraminer,AOC Alsace Grand Cru Sonnenglanz Gewurztraminer VT,1B040D11
AOC,,AOC Alsace Grand Cru,VT,Spiegel,,Riesling,AOC Alsace Grand Cru Spiegel Riesling VT,1B041D14
AOC,,AOC Alsace Grand Cru,VT,Spiegel,,Pinot Gris,AOC Alsace Grand Cru Spiegel Pinot Gris VT,1B041D13
AOC,,AOC Alsace Grand Cru,VT,Spiegel,,Muscat,AOC Alsace Grand Cru Spiegel Muscat VT,1B041D12
AOC,,AOC Alsace Grand Cru,VT,Spiegel,,Gewurztraminer,AOC Alsace Grand Cru Spiegel Gewurztraminer VT,1B041D11
AOC,,AOC Alsace Grand Cru,VT,Wiebelsberg,,Riesling,AOC Alsace Grand Cru Wiebelsberg Riesling VT,1B047D14
AOC,,AOC Alsace Grand Cru,VT,Wiebelsberg,,Pinot Gris,AOC Alsace Grand Cru Wiebelsberg Pinot Gris VT,1B047D13
AOC,,AOC Alsace Grand Cru,VT,Wiebelsberg,,Muscat,AOC Alsace Grand Cru Wiebelsberg Muscat VT,1B047D12
AOC,,AOC Alsace Grand Cru,VT,Wiebelsberg,,Gewurztraminer,AOC Alsace Grand Cru Wiebelsberg Gewurztraminer VT,1B047D11
AOC,,AOC Alsace Grand Cru,VT,Altenberg de Wolxheim,,Riesling,AOC Alsace Grand Cru Altenberg de Wolxheim Riesling VT,1B004D14
AOC,,AOC Alsace Grand Cru,VT,Altenberg de Wolxheim,,Pinot Gris,AOC Alsace Grand Cru Altenberg de Wolxheim Pinot Gris VT,1B004D13
AOC,,AOC Alsace Grand Cru,VT,Altenberg de Wolxheim,,Muscat,AOC Alsace Grand Cru Altenberg de Wolxheim Muscat VT,1B004D12
AOC,,AOC Alsace Grand Cru,VT,Altenberg de Wolxheim,,Gewurztraminer,AOC Alsace Grand Cru Altenberg de Wolxheim Gewurztraminer VT,1B004D11
AOC,,AOC Alsace Grand Cru,VT,Engelberg,,Riesling,AOC Alsace Grand Cru Engelberg Riesling VT,1B008D14
AOC,,AOC Alsace Grand Cru,VT,Engelberg,,Pinot Gris,AOC Alsace Grand Cru Engelberg Pinot Gris VT,1B008D13
AOC,,AOC Alsace Grand Cru,VT,Engelberg,,Muscat,AOC Alsace Grand Cru Engelberg Muscat VT,1B008D12
AOC,,AOC Alsace Grand Cru,VT,Engelberg,,Gewurztraminer,AOC Alsace Grand Cru Engelberg Gewurztraminer VT,1B008D11
AOC,,AOC Alsace Grand Cru,VT,Frankstein,,Riesling,AOC Alsace Grand Cru Frankstein Riesling VT,1B010D14
AOC,,AOC Alsace Grand Cru,VT,Frankstein,,Pinot Gris,AOC Alsace Grand Cru Frankstein Pinot Gris VT,1B010D13
AOC,,AOC Alsace Grand Cru,VT,Frankstein,,Muscat,AOC Alsace Grand Cru Frankstein Muscat VT,1B010D12
AOC,,AOC Alsace Grand Cru,VT,Frankstein,,Gewurztraminer,AOC Alsace Grand Cru Frankstein Gewurztraminer VT,1B010D11
AOC,,AOC Alsace Grand Cru,VT,Froehn,,Riesling,AOC Alsace Grand Cru Froehn Riesling VT,1B011D14
AOC,,AOC Alsace Grand Cru,VT,Froehn,,Pinot Gris,AOC Alsace Grand Cru Froehn Pinot Gris VT,1B011D13
AOC,,AOC Alsace Grand Cru,VT,Froehn,,Muscat,AOC Alsace Grand Cru Froehn Muscat VT,1B011D12
AOC,,AOC Alsace Grand Cru,VT,Froehn,,Gewurztraminer,AOC Alsace Grand Cru Froehn Gewurztraminer VT,1B011D11
AOC,,AOC Alsace Grand Cru,VT,Mambourg,,Riesling,AOC Alsace Grand Cru Mambourg Riesling VT,1B024D14
AOC,,AOC Alsace Grand Cru,VT,Mambourg,,Pinot Gris,AOC Alsace Grand Cru Mambourg Pinot Gris VT,1B024D13
AOC,,AOC Alsace Grand Cru,VT,Mambourg,,Muscat,AOC Alsace Grand Cru Mambourg Muscat VT,1B024D12
AOC,,AOC Alsace Grand Cru,VT,Mambourg,,Gewurztraminer,AOC Alsace Grand Cru Mambourg Gewurztraminer VT,1B024D11
AOC,,AOC Alsace Grand Cru,VT,Mandelberg,,Riesling,AOC Alsace Grand Cru Mandelberg Riesling VT,1B025D14
AOC,,AOC Alsace Grand Cru,VT,Mandelberg,,Pinot Gris,AOC Alsace Grand Cru Mandelberg Pinot Gris VT,1B025D13
AOC,,AOC Alsace Grand Cru,VT,Mandelberg,,Muscat,AOC Alsace Grand Cru Mandelberg Muscat VT,1B025D12
AOC,,AOC Alsace Grand Cru,VT,Mandelberg,,Gewurztraminer,AOC Alsace Grand Cru Mandelberg Gewurztraminer VT,1B025D11
AOC,,AOC Alsace Grand Cru,VT,Marckrain,,Riesling,AOC Alsace Grand Cru Marckrain Riesling VT,1B026D14
AOC,,AOC Alsace Grand Cru,VT,Marckrain,,Pinot Gris,AOC Alsace Grand Cru Marckrain Pinot Gris VT,1B026D13
AOC,,AOC Alsace Grand Cru,VT,Marckrain,,Muscat,AOC Alsace Grand Cru Marckrain Muscat VT,1B026D12
AOC,,AOC Alsace Grand Cru,VT,Marckrain,,Gewurztraminer,AOC Alsace Grand Cru Marckrain Gewurztraminer VT,1B026D11
AOC,,AOC Alsace Grand Cru,VT,Muenchberg,,Riesling,AOC Alsace Grand Cru Muenchberg Riesling VT,1B028D14
AOC,,AOC Alsace Grand Cru,VT,Muenchberg,,Pinot Gris,AOC Alsace Grand Cru Muenchberg Pinot Gris VT,1B028D13
AOC,,AOC Alsace Grand Cru,VT,Muenchberg,,Muscat,AOC Alsace Grand Cru Muenchberg Muscat VT,1B028D12
AOC,,AOC Alsace Grand Cru,VT,Muenchberg,,Gewurztraminer,AOC Alsace Grand Cru Muenchberg Gewurztraminer VT,1B028D11
AOC,,AOC Alsace Grand Cru,VT,Osterberg,,Riesling,AOC Alsace Grand Cru Osterberg Riesling VT,1B030D14
AOC,,AOC Alsace Grand Cru,VT,Osterberg,,Pinot Gris,AOC Alsace Grand Cru Osterberg Pinot Gris VT,1B030D13
AOC,,AOC Alsace Grand Cru,VT,Osterberg,,Muscat,AOC Alsace Grand Cru Osterberg Muscat VT,1B030D12
AOC,,AOC Alsace Grand Cru,VT,Osterberg,,Gewurztraminer,AOC Alsace Grand Cru Osterberg Gewurztraminer VT,1B030D11
AOC,,AOC Alsace Grand Cru,VT,Pfersigberg,,Riesling,AOC Alsace Grand Cru Pfersigberg Riesling VT,1B031D14
AOC,,AOC Alsace Grand Cru,VT,Pfersigberg,,Pinot Gris,AOC Alsace Grand Cru Pfersigberg Pinot Gris VT,1B031D13
AOC,,AOC Alsace Grand Cru,VT,Pfersigberg,,Muscat,AOC Alsace Grand Cru Pfersigberg Muscat VT,1B031D12
AOC,,AOC Alsace Grand Cru,VT,Pfersigberg,,Gewurztraminer,AOC Alsace Grand Cru Pfersigberg Gewurztraminer VT,1B031D11
AOC,,AOC Alsace Grand Cru,VT,Pfingstberg,,Riesling,AOC Alsace Grand Cru Pfingstberg Riesling VT,1B032D14
AOC,,AOC Alsace Grand Cru,VT,Pfingstberg,,Pinot Gris,AOC Alsace Grand Cru Pfingstberg Pinot Gris VT,1B032D13
AOC,,AOC Alsace Grand Cru,VT,Pfingstberg,,Muscat,AOC Alsace Grand Cru Pfingstberg Muscat VT,1B032D12
AOC,,AOC Alsace Grand Cru,VT,Pfingstberg,,Gewurztraminer,AOC Alsace Grand Cru Pfingstberg Gewurztraminer VT,1B032D11
AOC,,AOC Alsace Grand Cru,VT,Praelatenberg,,Riesling,AOC Alsace Grand Cru Praelatenberg Riesling VT,1B033D14
AOC,,AOC Alsace Grand Cru,VT,Praelatenberg,,Pinot Gris,AOC Alsace Grand Cru Praelatenberg Pinot Gris VT,1B033D13
AOC,,AOC Alsace Grand Cru,VT,Praelatenberg,,Muscat,AOC Alsace Grand Cru Praelatenberg Muscat VT,1B033D12
AOC,,AOC Alsace Grand Cru,VT,Praelatenberg,,Gewurztraminer,AOC Alsace Grand Cru Praelatenberg Gewurztraminer VT,1B033D11
AOC,,AOC Alsace Grand Cru,VT,Schoenenbourg,,Riesling,AOC Alsace Grand Cru Schoenenbourg Riesling VT,1B038D14
AOC,,AOC Alsace Grand Cru,VT,Schoenenbourg,,Pinot Gris,AOC Alsace Grand Cru Schoenenbourg Pinot Gris VT,1B038D13
AOC,,AOC Alsace Grand Cru,VT,Schoenenbourg,,Muscat,AOC Alsace Grand Cru Schoenenbourg Muscat VT,1B038D12
AOC,,AOC Alsace Grand Cru,VT,Schoenenbourg,,Gewurztraminer,AOC Alsace Grand Cru Schoenenbourg Gewurztraminer VT,1B038D11
AOC,,AOC Alsace Grand Cru,VT,Sporen,,Riesling,AOC Alsace Grand Cru Sporen Riesling VT,1B042D14
AOC,,AOC Alsace Grand Cru,VT,Sporen,,Pinot Gris,AOC Alsace Grand Cru Sporen Pinot Gris VT,1B042D13
AOC,,AOC Alsace Grand Cru,VT,Sporen,,Muscat,AOC Alsace Grand Cru Sporen Muscat VT,1B042D12
AOC,,AOC Alsace Grand Cru,VT,Sporen,,Gewurztraminer,AOC Alsace Grand Cru Sporen Gewurztraminer VT,1B042D11
AOC,,AOC Alsace Grand Cru,VT,Steinert,,Riesling,AOC Alsace Grand Cru Steinert Riesling VT,1B043D14
AOC,,AOC Alsace Grand Cru,VT,Steinert,,Pinot Gris,AOC Alsace Grand Cru Steinert Pinot Gris VT,1B043D13
AOC,,AOC Alsace Grand Cru,VT,Steinert,,Muscat,AOC Alsace Grand Cru Steinert Muscat VT,1B043D12
AOC,,AOC Alsace Grand Cru,VT,Steinert,,Gewurztraminer,AOC Alsace Grand Cru Steinert Gewurztraminer VT,1B043D11
AOC,,AOC Alsace Grand Cru,VT,Steingrubler,,Riesling,AOC Alsace Grand Cru Steingrubler Riesling VT,1B044D14
AOC,,AOC Alsace Grand Cru,VT,Steingrubler,,Pinot Gris,AOC Alsace Grand Cru Steingrubler Pinot Gris VT,1B044D13
AOC,,AOC Alsace Grand Cru,VT,Steingrubler,,Muscat,AOC Alsace Grand Cru Steingrubler Muscat VT,1B044D12
AOC,,AOC Alsace Grand Cru,VT,Steingrubler,,Gewurztraminer,AOC Alsace Grand Cru Steingrubler Gewurztraminer VT,1B044D11
AOC,,AOC Alsace Grand Cru,VT,Steinklotz,,Riesling,AOC Alsace Grand Cru Steinklotz Riesling VT,1B045D14
AOC,,AOC Alsace Grand Cru,VT,Steinklotz,,Pinot Gris,AOC Alsace Grand Cru Steinklotz Pinot Gris VT,1B045D13
AOC,,AOC Alsace Grand Cru,VT,Steinklotz,,Muscat,AOC Alsace Grand Cru Steinklotz Muscat VT,1B045D12
AOC,,AOC Alsace Grand Cru,VT,Steinklotz,,Gewurztraminer,AOC Alsace Grand Cru Steinklotz Gewurztraminer VT,1B045D11
AOC,,AOC Alsace Grand Cru,VT,Vorbourg,,Riesling,AOC Alsace Grand Cru Vorbourg Riesling VT,1B046D14
AOC,,AOC Alsace Grand Cru,VT,Vorbourg,,Pinot Gris,AOC Alsace Grand Cru Vorbourg Pinot Gris VT,1B046D13
AOC,,AOC Alsace Grand Cru,VT,Vorbourg,,Muscat,AOC Alsace Grand Cru Vorbourg Muscat VT,1B046D12
AOC,,AOC Alsace Grand Cru,VT,Vorbourg,,Gewurztraminer,AOC Alsace Grand Cru Vorbourg Gewurztraminer VT,1B046D11
AOC,,AOC Alsace Grand Cru,VT,Wineck-Schlossberg,,Riesling,AOC Alsace Grand Cru Wineck-Schlossberg Riesling VT,1B048D14
AOC,,AOC Alsace Grand Cru,VT,Wineck-Schlossberg,,Pinot Gris,AOC Alsace Grand Cru Wineck-Schlossberg Pinot Gris VT,1B048D13
AOC,,AOC Alsace Grand Cru,VT,Wineck-Schlossberg,,Muscat,AOC Alsace Grand Cru Wineck-Schlossberg Muscat VT,1B048D12
AOC,,AOC Alsace Grand Cru,VT,Wineck-Schlossberg,,Gewurztraminer,AOC Alsace Grand Cru Wineck-Schlossberg Gewurztraminer VT,1B048D11
AOC,,AOC Alsace Grand Cru,VT,Winzenberg,,Riesling,AOC Alsace Grand Cru Winzenberg Riesling VT,1B049D14
AOC,,AOC Alsace Grand Cru,VT,Winzenberg,,Pinot Gris,AOC Alsace Grand Cru Winzenberg Pinot Gris VT,1B049D13
AOC,,AOC Alsace Grand Cru,VT,Winzenberg,,Muscat,AOC Alsace Grand Cru Winzenberg Muscat VT,1B049D12
AOC,,AOC Alsace Grand Cru,VT,Winzenberg,,Gewurztraminer,AOC Alsace Grand Cru Winzenberg Gewurztraminer VT,1B049D11
AOC,,AOC Alsace Grand Cru,VT,Zinnkoepflé,,Riesling,AOC Alsace Grand Cru Zinnkoepflé Riesling VT,1B050D14
AOC,,AOC Alsace Grand Cru,VT,Zinnkoepflé,,Pinot Gris,AOC Alsace Grand Cru Zinnkoepflé Pinot Gris VT,1B050D13
AOC,,AOC Alsace Grand Cru,VT,Zinnkoepflé,,Muscat,AOC Alsace Grand Cru Zinnkoepflé Muscat VT,1B050D12
AOC,,AOC Alsace Grand Cru,VT,Zinnkoepflé,,Gewurztraminer,AOC Alsace Grand Cru Zinnkoepflé Gewurztraminer VT,1B050D11
AOC,,AOC Alsace Grand Cru,VT,Zotzenberg,,Riesling,AOC Alsace Grand Cru Zotzenberg Riesling VT,1B051D14
AOC,,AOC Alsace Grand Cru,VT,Zotzenberg,,Pinot Gris,AOC Alsace Grand Cru Zotzenberg Pinot Gris VT,1B051D13
AOC,,AOC Alsace Grand Cru,VT,Zotzenberg,,Gewurztraminer,AOC Alsace Grand Cru Zotzenberg Gewurztraminer VT,1B051D11
AOC,,AOC Alsace Grand Cru,VT,Furstentum,,Riesling,AOC Alsace Grand Cru Furstentum Riesling VT,1B012D14
AOC,,AOC Alsace Grand Cru,VT,Furstentum,,Pinot Gris,AOC Alsace Grand Cru Furstentum Pinot Gris VT,1B012D13
AOC,,AOC Alsace Grand Cru,VT,Furstentum,,Muscat,AOC Alsace Grand Cru Furstentum Muscat VT,1B012D12
AOC,,AOC Alsace Grand Cru,VT,Furstentum,,Gewurztraminer,AOC Alsace Grand Cru Furstentum Gewurztraminer VT,1B012D11
AOC,,AOC Alsace Grand Cru,VT,Bruderthal,,Riesling,AOC Alsace Grand Cru Bruderthal Riesling VT,1B006D14
AOC,,AOC Alsace Grand Cru,VT,Bruderthal,,Pinot Gris,AOC Alsace Grand Cru Bruderthal Pinot Gris VT,1B006D13
AOC,,AOC Alsace Grand Cru,VT,Bruderthal,,Muscat,AOC Alsace Grand Cru Bruderthal Muscat VT,1B006D12
AOC,,AOC Alsace Grand Cru,VT,Bruderthal,,Gewurztraminer,AOC Alsace Grand Cru Bruderthal Gewurztraminer VT,1B006D11
AOC,,AOC Alsace Grand Cru,VT,Florimont,,Riesling,AOC Alsace Grand Cru Florimont Riesling VT,1B009D14
AOC,,AOC Alsace Grand Cru,VT,Florimont,,Pinot Gris,AOC Alsace Grand Cru Florimont Pinot Gris VT,1B009D13
AOC,,AOC Alsace Grand Cru,VT,Florimont,,Muscat,AOC Alsace Grand Cru Florimont Muscat VT,1B009D12
AOC,,AOC Alsace Grand Cru,VT,Florimont,,Gewurztraminer,AOC Alsace Grand Cru Florimont Gewurztraminer VT,1B009D11
AOC,,AOC Alsace Grand Cru,VT,Kaefferkopf,,Riesling,AOC Alsace Grand Cru Kaefferkopf Riesling VT,1B053D14
AOC,,AOC Alsace Grand Cru,VT,Kaefferkopf,,Pinot Gris,AOC Alsace Grand Cru Kaefferkopf Pinot Gris VT,1B053D13
AOC,,AOC Alsace Grand Cru,VT,Kaefferkopf,,Gewurztraminer,AOC Alsace Grand Cru Kaefferkopf Gewurztraminer VT,1B053D11
AOC,,AOC Alsace Grand Cru,VT,Altenberg de Bergbieten,,Riesling,AOC Alsace Grand Cru Altenberg de Bergbieten Riesling VT,1B002D14
AOC,,AOC Alsace Grand Cru,VT,Altenberg de Bergbieten,,Pinot Gris,AOC Alsace Grand Cru Altenberg de Bergbieten Pinot Gris VT,1B002D13
AOC,,AOC Alsace Grand Cru,VT,Altenberg de Bergbieten,,Muscat,AOC Alsace Grand Cru Altenberg de Bergbieten Muscat VT,1B002D12
AOC,,AOC Alsace Grand Cru,VT,Altenberg de Bergbieten,,Gewurztraminer,AOC Alsace Grand Cru Altenberg de Bergbieten Gewurztraminer VT,1B002D11
AOC,,AOC Alsace Grand Cru,VT,Altenberg de Bergheim,,Riesling,AOC Alsace Grand Cru Altenberg de Bergheim Riesling VT,1B003D14
AOC,,AOC Alsace Grand Cru,VT,Altenberg de Bergheim,,Pinot Gris,AOC Alsace Grand Cru Altenberg de Bergheim Pinot Gris VT,1B003D13
AOC,,AOC Alsace Grand Cru,VT,Altenberg de Bergheim,,Gewurztraminer,AOC Alsace Grand Cru Altenberg de Bergheim Gewurztraminer VT,1B003D11
AOC,,AOC Alsace Grand Cru,VT,Brand,,Riesling,AOC Alsace Grand Cru Brand Riesling VT,1B005D14
AOC,,AOC Alsace Grand Cru,VT,Brand,,Pinot Gris,AOC Alsace Grand Cru Brand Pinot Gris VT,1B005D13
AOC,,AOC Alsace Grand Cru,VT,Brand,,Muscat,AOC Alsace Grand Cru Brand Muscat VT,1B005D12
AOC,,AOC Alsace Grand Cru,VT,Brand,,Gewurztraminer,AOC Alsace Grand Cru Brand Gewurztraminer VT,1B005D11
AOC,,AOC Alsace Grand Cru,VT,Eichberg,,Riesling,AOC Alsace Grand Cru Eichberg Riesling VT,1B007D14
AOC,,AOC Alsace Grand Cru,VT,Eichberg,,Pinot Gris,AOC Alsace Grand Cru Eichberg Pinot Gris VT,1B007D13
AOC,,AOC Alsace Grand Cru,VT,Eichberg,,Muscat,AOC Alsace Grand Cru Eichberg Muscat VT,1B007D12
AOC,,AOC Alsace Grand Cru,VT,Eichberg,,Gewurztraminer,AOC Alsace Grand Cru Eichberg Gewurztraminer VT,1B007D11
AOC,,AOC Alsace Grand Cru,VT,Geisberg,,Riesling,AOC Alsace Grand Cru Geisberg Riesling VT,1B013D14
AOC,,AOC Alsace Grand Cru,VT,Geisberg,,Pinot Gris,AOC Alsace Grand Cru Geisberg Pinot Gris VT,1B013D13
AOC,,AOC Alsace Grand Cru,VT,Geisberg,,Muscat,AOC Alsace Grand Cru Geisberg Muscat VT,1B013D12
AOC,,AOC Alsace Grand Cru,VT,Geisberg,,Gewurztraminer,AOC Alsace Grand Cru Geisberg Gewurztraminer VT,1B013D11
AOC,,AOC Alsace Grand Cru,VT,Gloeckelberg,,Riesling,AOC Alsace Grand Cru Gloeckelberg Riesling VT,1B014D14
AOC,,AOC Alsace Grand Cru,VT,Gloeckelberg,,Pinot Gris,AOC Alsace Grand Cru Gloeckelberg Pinot Gris VT,1B014D13
AOC,,AOC Alsace Grand Cru,VT,Gloeckelberg,,Muscat,AOC Alsace Grand Cru Gloeckelberg Muscat VT,1B014D12
AOC,,AOC Alsace Grand Cru,VT,Gloeckelberg,,Gewurztraminer,AOC Alsace Grand Cru Gloeckelberg Gewurztraminer VT,1B014D11
AOC,,AOC Alsace Grand Cru,VT,Goldert,,Riesling,AOC Alsace Grand Cru Goldert Riesling VT,1B015D14
AOC,,AOC Alsace Grand Cru,VT,Goldert,,Pinot Gris,AOC Alsace Grand Cru Goldert Pinot Gris VT,1B015D13
AOC,,AOC Alsace Grand Cru,VT,Goldert,,Muscat,AOC Alsace Grand Cru Goldert Muscat VT,1B015D12
AOC,,AOC Alsace Grand Cru,VT,Goldert,,Gewurztraminer,AOC Alsace Grand Cru Goldert Gewurztraminer VT,1B015D11
AOC,,AOC Alsace Grand Cru,VT,Hatschbourg,,Riesling,AOC Alsace Grand Cru Hatschbourg Riesling VT,1B016D14
AOC,,AOC Alsace Grand Cru,VT,Hatschbourg,,Pinot Gris,AOC Alsace Grand Cru Hatschbourg Pinot Gris VT,1B016D13
AOC,,AOC Alsace Grand Cru,VT,Hatschbourg,,Muscat,AOC Alsace Grand Cru Hatschbourg Muscat VT,1B016D12
AOC,,AOC Alsace Grand Cru,VT,Hatschbourg,,Gewurztraminer,AOC Alsace Grand Cru Hatschbourg Gewurztraminer VT,1B016D11
AOC,,AOC Alsace Grand Cru,VT,Hengst,,Riesling,AOC Alsace Grand Cru Hengst Riesling VT,1B017D14
AOC,,AOC Alsace Grand Cru,VT,Hengst,,Pinot Gris,AOC Alsace Grand Cru Hengst Pinot Gris VT,1B017D13
AOC,,AOC Alsace Grand Cru,VT,Hengst,,Muscat,AOC Alsace Grand Cru Hengst Muscat VT,1B017D12
AOC,,AOC Alsace Grand Cru,VT,Hengst,,Gewurztraminer,AOC Alsace Grand Cru Hengst Gewurztraminer VT,1B017D11
AOC,,AOC Alsace Grand Cru,SGN,Kanzlerberg,,Riesling,AOC Alsace Grand Cru Kanzlerberg Riesling SGN,1B018D64
AOC,,AOC Alsace Grand Cru,SGN,Kanzlerberg,,Pinot Gris,AOC Alsace Grand Cru Kanzlerberg Pinot Gris SGN,1B018D63
AOC,,AOC Alsace Grand Cru,SGN,Kanzlerberg,,Muscat,AOC Alsace Grand Cru Kanzlerberg Muscat SGN,1B018D62
AOC,,AOC Alsace Grand Cru,SGN,Kanzlerberg,,Gewurztraminer,AOC Alsace Grand Cru Kanzlerberg Gewurztraminer SGN,1B018D61
AOC,,AOC Alsace Grand Cru,SGN,Kastelberg,,Riesling,AOC Alsace Grand Cru Kastelberg Riesling SGN,1B019D64
AOC,,AOC Alsace Grand Cru,SGN,Kastelberg,,Pinot Gris,AOC Alsace Grand Cru Kastelberg Pinot Gris SGN,1B019D63
AOC,,AOC Alsace Grand Cru,SGN,Kastelberg,,Muscat,AOC Alsace Grand Cru Kastelberg Muscat SGN,1B019D62
AOC,,AOC Alsace Grand Cru,SGN,Kastelberg,,Gewurztraminer,AOC Alsace Grand Cru Kastelberg Gewurztraminer SGN,1B019D61
AOC,,AOC Alsace Grand Cru,SGN,Kessler,,Riesling,AOC Alsace Grand Cru Kessler Riesling SGN,1B020D64
AOC,,AOC Alsace Grand Cru,SGN,Kessler,,Pinot Gris,AOC Alsace Grand Cru Kessler Pinot Gris SGN,1B020D63
AOC,,AOC Alsace Grand Cru,SGN,Kessler,,Muscat,AOC Alsace Grand Cru Kessler Muscat SGN,1B020D62
AOC,,AOC Alsace Grand Cru,SGN,Kessler,,Gewurztraminer,AOC Alsace Grand Cru Kessler Gewurztraminer SGN,1B020D61
AOC,,AOC Alsace Grand Cru,SGN,Kirchberg de Barr,,Riesling,AOC Alsace Grand Cru Kirchberg de Barr Riesling SGN,1B021D64
AOC,,AOC Alsace Grand Cru,SGN,Kirchberg de Barr,,Pinot Gris,AOC Alsace Grand Cru Kirchberg de Barr Pinot Gris SGN,1B021D63
AOC,,AOC Alsace Grand Cru,SGN,Kirchberg de Barr,,Muscat,AOC Alsace Grand Cru Kirchberg de Barr Muscat SGN,1B021D62
AOC,,AOC Alsace Grand Cru,SGN,Kirchberg de Barr,,Gewurztraminer,AOC Alsace Grand Cru Kirchberg de Barr Gewurztraminer SGN,1B021D61
AOC,,AOC Alsace Grand Cru,SGN,Kirchberg de Ribeauvillé,,Riesling,AOC Alsace Grand Cru Kirchberg de Ribeauvillé Riesling SGN,1B022D64
AOC,,AOC Alsace Grand Cru,SGN,Kirchberg de Ribeauvillé,,Pinot Gris,AOC Alsace Grand Cru Kirchberg de Ribeauvillé Pinot Gris SGN,1B022D63
AOC,,AOC Alsace Grand Cru,SGN,Kirchberg de Ribeauvillé,,Muscat,AOC Alsace Grand Cru Kirchberg de Ribeauvillé Muscat SGN,1B022D62
AOC,,AOC Alsace Grand Cru,SGN,Kirchberg de Ribeauvillé,,Gewurztraminer,AOC Alsace Grand Cru Kirchberg de Ribeauvillé Gewurztraminer SGN,1B022D61
AOC,,AOC Alsace Grand Cru,SGN,Kitterlé,,Riesling,AOC Alsace Grand Cru Kitterlé Riesling SGN,1B023D64
AOC,,AOC Alsace Grand Cru,SGN,Kitterlé,,Pinot Gris,AOC Alsace Grand Cru Kitterlé Pinot Gris SGN,1B023D63
AOC,,AOC Alsace Grand Cru,SGN,Kitterlé,,Muscat,AOC Alsace Grand Cru Kitterlé Muscat SGN,1B023D62
AOC,,AOC Alsace Grand Cru,SGN,Kitterlé,,Gewurztraminer,AOC Alsace Grand Cru Kitterlé Gewurztraminer SGN,1B023D61
AOC,,AOC Alsace Grand Cru,SGN,Moenchberg,,Riesling,AOC Alsace Grand Cru Moenchberg Riesling SGN,1B027D64
AOC,,AOC Alsace Grand Cru,SGN,Moenchberg,,Pinot Gris,AOC Alsace Grand Cru Moenchberg Pinot Gris SGN,1B027D63
AOC,,AOC Alsace Grand Cru,SGN,Moenchberg,,Muscat,AOC Alsace Grand Cru Moenchberg Muscat SGN,1B027D62
AOC,,AOC Alsace Grand Cru,SGN,Moenchberg,,Gewurztraminer,AOC Alsace Grand Cru Moenchberg Gewurztraminer SGN,1B027D61
AOC,,AOC Alsace Grand Cru,SGN,Ollwiller,,Riesling,AOC Alsace Grand Cru Ollwiller Riesling SGN,1B029D64
AOC,,AOC Alsace Grand Cru,SGN,Ollwiller,,Pinot Gris,AOC Alsace Grand Cru Ollwiller Pinot Gris SGN,1B029D63
AOC,,AOC Alsace Grand Cru,SGN,Ollwiller,,Muscat,AOC Alsace Grand Cru Ollwiller Muscat SGN,1B029D62
AOC,,AOC Alsace Grand Cru,SGN,Ollwiller,,Gewurztraminer,AOC Alsace Grand Cru Ollwiller Gewurztraminer SGN,1B029D61
AOC,,AOC Alsace Grand Cru,SGN,Rangen,,Riesling,AOC Alsace Grand Cru Rangen Riesling SGN,1B034D64
AOC,,AOC Alsace Grand Cru,SGN,Rangen,,Pinot Gris,AOC Alsace Grand Cru Rangen Pinot Gris SGN,1B034D63
AOC,,AOC Alsace Grand Cru,SGN,Rangen,,Muscat,AOC Alsace Grand Cru Rangen Muscat SGN,1B034D62
AOC,,AOC Alsace Grand Cru,SGN,Rangen,,Gewurztraminer,AOC Alsace Grand Cru Rangen Gewurztraminer SGN,1B034D61
AOC,,AOC Alsace Grand Cru,SGN,Rosacker,,Riesling,AOC Alsace Grand Cru Rosacker Riesling SGN,1B035D64
AOC,,AOC Alsace Grand Cru,SGN,Rosacker,,Pinot Gris,AOC Alsace Grand Cru Rosacker Pinot Gris SGN,1B035D63
AOC,,AOC Alsace Grand Cru,SGN,Rosacker,,Muscat,AOC Alsace Grand Cru Rosacker Muscat SGN,1B035D62
AOC,,AOC Alsace Grand Cru,SGN,Rosacker,,Gewurztraminer,AOC Alsace Grand Cru Rosacker Gewurztraminer SGN,1B035D61
AOC,,AOC Alsace Grand Cru,SGN,Saering,,Riesling,AOC Alsace Grand Cru Saering Riesling SGN,1B036D64
AOC,,AOC Alsace Grand Cru,SGN,Saering,,Pinot Gris,AOC Alsace Grand Cru Saering Pinot Gris SGN,1B036D63
AOC,,AOC Alsace Grand Cru,SGN,Saering,,Muscat,AOC Alsace Grand Cru Saering Muscat SGN,1B036D62
AOC,,AOC Alsace Grand Cru,SGN,Saering,,Gewurztraminer,AOC Alsace Grand Cru Saering Gewurztraminer SGN,1B036D61
AOC,,AOC Alsace Grand Cru,SGN,Schlossberg,,Riesling,AOC Alsace Grand Cru Schlossberg Riesling SGN,1B037D64
AOC,,AOC Alsace Grand Cru,SGN,Schlossberg,,Pinot Gris,AOC Alsace Grand Cru Schlossberg Pinot Gris SGN,1B037D63
AOC,,AOC Alsace Grand Cru,SGN,Schlossberg,,Muscat,AOC Alsace Grand Cru Schlossberg Muscat SGN,1B037D62
AOC,,AOC Alsace Grand Cru,SGN,Schlossberg,,Gewurztraminer,AOC Alsace Grand Cru Schlossberg Gewurztraminer SGN,1B037D61
AOC,,AOC Alsace Grand Cru,SGN,Sommerberg,,Riesling,AOC Alsace Grand Cru Sommerberg Riesling SGN,1B039D64
AOC,,AOC Alsace Grand Cru,SGN,Sommerberg,,Pinot Gris,AOC Alsace Grand Cru Sommerberg Pinot Gris SGN,1B039D63
AOC,,AOC Alsace Grand Cru,SGN,Sommerberg,,Muscat,AOC Alsace Grand Cru Sommerberg Muscat SGN,1B039D62
AOC,,AOC Alsace Grand Cru,SGN,Sommerberg,,Gewurztraminer,AOC Alsace Grand Cru Sommerberg Gewurztraminer SGN,1B039D61
AOC,,AOC Alsace Grand Cru,SGN,Sonnenglanz,,Riesling,AOC Alsace Grand Cru Sonnenglanz Riesling SGN,1B040D64
AOC,,AOC Alsace Grand Cru,SGN,Sonnenglanz,,Pinot Gris,AOC Alsace Grand Cru Sonnenglanz Pinot Gris SGN,1B040D63
AOC,,AOC Alsace Grand Cru,SGN,Sonnenglanz,,Muscat,AOC Alsace Grand Cru Sonnenglanz Muscat SGN,1B040D62
AOC,,AOC Alsace Grand Cru,SGN,Sonnenglanz,,Gewurztraminer,AOC Alsace Grand Cru Sonnenglanz Gewurztraminer SGN,1B040D61
AOC,,AOC Alsace Grand Cru,SGN,Spiegel,,Riesling,AOC Alsace Grand Cru Spiegel Riesling SGN,1B041D64
AOC,,AOC Alsace Grand Cru,SGN,Spiegel,,Pinot Gris,AOC Alsace Grand Cru Spiegel Pinot Gris SGN,1B041D63
AOC,,AOC Alsace Grand Cru,SGN,Spiegel,,Muscat,AOC Alsace Grand Cru Spiegel Muscat SGN,1B041D62
AOC,,AOC Alsace Grand Cru,SGN,Spiegel,,Gewurztraminer,AOC Alsace Grand Cru Spiegel Gewurztraminer SGN,1B041D61
AOC,,AOC Alsace Grand Cru,SGN,Wiebelsberg,,Riesling,AOC Alsace Grand Cru Wiebelsberg Riesling SGN,1B047D64
AOC,,AOC Alsace Grand Cru,SGN,Wiebelsberg,,Pinot Gris,AOC Alsace Grand Cru Wiebelsberg Pinot Gris SGN,1B047D63
AOC,,AOC Alsace Grand Cru,SGN,Wiebelsberg,,Muscat,AOC Alsace Grand Cru Wiebelsberg Muscat SGN,1B047D62
AOC,,AOC Alsace Grand Cru,SGN,Wiebelsberg,,Gewurztraminer,AOC Alsace Grand Cru Wiebelsberg Gewurztraminer SGN,1B047D61
AOC,,AOC Alsace Grand Cru,SGN,Altenberg de Wolxheim,,Riesling,AOC Alsace Grand Cru Altenberg de Wolxheim Riesling SGN,1B004D64
AOC,,AOC Alsace Grand Cru,SGN,Altenberg de Wolxheim,,Pinot Gris,AOC Alsace Grand Cru Altenberg de Wolxheim Pinot Gris SGN,1B004D63
AOC,,AOC Alsace Grand Cru,SGN,Altenberg de Wolxheim,,Muscat,AOC Alsace Grand Cru Altenberg de Wolxheim Muscat SGN,1B004D62
AOC,,AOC Alsace Grand Cru,SGN,Altenberg de Wolxheim,,Gewurztraminer,AOC Alsace Grand Cru Altenberg de Wolxheim Gewurztraminer SGN,1B004D61
AOC,,AOC Alsace Grand Cru,SGN,Engelberg,,Riesling,AOC Alsace Grand Cru Engelberg Riesling SGN,1B008D64
AOC,,AOC Alsace Grand Cru,SGN,Engelberg,,Pinot Gris,AOC Alsace Grand Cru Engelberg Pinot Gris SGN,1B008D63
AOC,,AOC Alsace Grand Cru,SGN,Engelberg,,Muscat,AOC Alsace Grand Cru Engelberg Muscat SGN,1B008D62
AOC,,AOC Alsace Grand Cru,SGN,Engelberg,,Gewurztraminer,AOC Alsace Grand Cru Engelberg Gewurztraminer SGN,1B008D61
AOC,,AOC Alsace Grand Cru,SGN,Frankstein,,Riesling,AOC Alsace Grand Cru Frankstein Riesling SGN,1B010D64
AOC,,AOC Alsace Grand Cru,SGN,Frankstein,,Pinot Gris,AOC Alsace Grand Cru Frankstein Pinot Gris SGN,1B010D63
AOC,,AOC Alsace Grand Cru,SGN,Frankstein,,Muscat,AOC Alsace Grand Cru Frankstein Muscat SGN,1B010D62
AOC,,AOC Alsace Grand Cru,SGN,Frankstein,,Gewurztraminer,AOC Alsace Grand Cru Frankstein Gewurztraminer SGN,1B010D61
AOC,,AOC Alsace Grand Cru,SGN,Froehn,,Riesling,AOC Alsace Grand Cru Froehn Riesling SGN,1B011D64
AOC,,AOC Alsace Grand Cru,SGN,Froehn,,Pinot Gris,AOC Alsace Grand Cru Froehn Pinot Gris SGN,1B011D63
AOC,,AOC Alsace Grand Cru,SGN,Froehn,,Muscat,AOC Alsace Grand Cru Froehn Muscat SGN,1B011D62
AOC,,AOC Alsace Grand Cru,SGN,Froehn,,Gewurztraminer,AOC Alsace Grand Cru Froehn Gewurztraminer SGN,1B011D61
AOC,,AOC Alsace Grand Cru,SGN,Mambourg,,Riesling,AOC Alsace Grand Cru Mambourg Riesling SGN,1B024D64
AOC,,AOC Alsace Grand Cru,SGN,Mambourg,,Pinot Gris,AOC Alsace Grand Cru Mambourg Pinot Gris SGN,1B024D63
AOC,,AOC Alsace Grand Cru,SGN,Mambourg,,Muscat,AOC Alsace Grand Cru Mambourg Muscat SGN,1B024D62
AOC,,AOC Alsace Grand Cru,SGN,Mambourg,,Gewurztraminer,AOC Alsace Grand Cru Mambourg Gewurztraminer SGN,1B024D61
AOC,,AOC Alsace Grand Cru,SGN,Mandelberg,,Riesling,AOC Alsace Grand Cru Mandelberg Riesling SGN,1B025D64
AOC,,AOC Alsace Grand Cru,SGN,Mandelberg,,Pinot Gris,AOC Alsace Grand Cru Mandelberg Pinot Gris SGN,1B025D63
AOC,,AOC Alsace Grand Cru,SGN,Mandelberg,,Muscat,AOC Alsace Grand Cru Mandelberg Muscat SGN,1B025D62
AOC,,AOC Alsace Grand Cru,SGN,Mandelberg,,Gewurztraminer,AOC Alsace Grand Cru Mandelberg Gewurztraminer SGN,1B025D61
AOC,,AOC Alsace Grand Cru,SGN,Marckrain,,Riesling,AOC Alsace Grand Cru Marckrain Riesling SGN,1B026D64
AOC,,AOC Alsace Grand Cru,SGN,Marckrain,,Pinot Gris,AOC Alsace Grand Cru Marckrain Pinot Gris SGN,1B026D63
AOC,,AOC Alsace Grand Cru,SGN,Marckrain,,Muscat,AOC Alsace Grand Cru Marckrain Muscat SGN,1B026D62
AOC,,AOC Alsace Grand Cru,SGN,Marckrain,,Gewurztraminer,AOC Alsace Grand Cru Marckrain Gewurztraminer SGN,1B026D61
AOC,,AOC Alsace Grand Cru,SGN,Muenchberg,,Riesling,AOC Alsace Grand Cru Muenchberg Riesling SGN,1B028D64
AOC,,AOC Alsace Grand Cru,SGN,Muenchberg,,Pinot Gris,AOC Alsace Grand Cru Muenchberg Pinot Gris SGN,1B028D63
AOC,,AOC Alsace Grand Cru,SGN,Muenchberg,,Muscat,AOC Alsace Grand Cru Muenchberg Muscat SGN,1B028D62
AOC,,AOC Alsace Grand Cru,SGN,Muenchberg,,Gewurztraminer,AOC Alsace Grand Cru Muenchberg Gewurztraminer SGN,1B028D61
AOC,,AOC Alsace Grand Cru,SGN,Osterberg,,Riesling,AOC Alsace Grand Cru Osterberg Riesling SGN,1B030D64
AOC,,AOC Alsace Grand Cru,SGN,Osterberg,,Pinot Gris,AOC Alsace Grand Cru Osterberg Pinot Gris SGN,1B030D63
AOC,,AOC Alsace Grand Cru,SGN,Osterberg,,Muscat,AOC Alsace Grand Cru Osterberg Muscat SGN,1B030D62
AOC,,AOC Alsace Grand Cru,SGN,Osterberg,,Gewurztraminer,AOC Alsace Grand Cru Osterberg Gewurztraminer SGN,1B030D61
AOC,,AOC Alsace Grand Cru,SGN,Pfersigberg,,Riesling,AOC Alsace Grand Cru Pfersigberg Riesling SGN,1B031D64
AOC,,AOC Alsace Grand Cru,SGN,Pfersigberg,,Pinot Gris,AOC Alsace Grand Cru Pfersigberg Pinot Gris SGN,1B031D63
AOC,,AOC Alsace Grand Cru,SGN,Pfersigberg,,Muscat,AOC Alsace Grand Cru Pfersigberg Muscat SGN,1B031D62
AOC,,AOC Alsace Grand Cru,SGN,Pfersigberg,,Gewurztraminer,AOC Alsace Grand Cru Pfersigberg Gewurztraminer SGN,1B031D61
AOC,,AOC Alsace Grand Cru,SGN,Pfingstberg,,Riesling,AOC Alsace Grand Cru Pfingstberg Riesling SGN,1B032D64
AOC,,AOC Alsace Grand Cru,SGN,Pfingstberg,,Pinot Gris,AOC Alsace Grand Cru Pfingstberg Pinot Gris SGN,1B032D63
AOC,,AOC Alsace Grand Cru,SGN,Pfingstberg,,Muscat,AOC Alsace Grand Cru Pfingstberg Muscat SGN,1B032D62
AOC,,AOC Alsace Grand Cru,SGN,Pfingstberg,,Gewurztraminer,AOC Alsace Grand Cru Pfingstberg Gewurztraminer SGN,1B032D61
AOC,,AOC Alsace Grand Cru,SGN,Praelatenberg,,Riesling,AOC Alsace Grand Cru Praelatenberg Riesling SGN,1B033D64
AOC,,AOC Alsace Grand Cru,SGN,Praelatenberg,,Pinot Gris,AOC Alsace Grand Cru Praelatenberg Pinot Gris SGN,1B033D63
AOC,,AOC Alsace Grand Cru,SGN,Praelatenberg,,Muscat,AOC Alsace Grand Cru Praelatenberg Muscat SGN,1B033D62
AOC,,AOC Alsace Grand Cru,SGN,Praelatenberg,,Gewurztraminer,AOC Alsace Grand Cru Praelatenberg Gewurztraminer SGN,1B033D61
AOC,,AOC Alsace Grand Cru,SGN,Schoenenbourg,,Riesling,AOC Alsace Grand Cru Schoenenbourg Riesling SGN,1B038D64
AOC,,AOC Alsace Grand Cru,SGN,Schoenenbourg,,Pinot Gris,AOC Alsace Grand Cru Schoenenbourg Pinot Gris SGN,1B038D63
AOC,,AOC Alsace Grand Cru,SGN,Schoenenbourg,,Muscat,AOC Alsace Grand Cru Schoenenbourg Muscat SGN,1B038D62
AOC,,AOC Alsace Grand Cru,SGN,Schoenenbourg,,Gewurztraminer,AOC Alsace Grand Cru Schoenenbourg Gewurztraminer SGN,1B038D61
AOC,,AOC Alsace Grand Cru,SGN,Sporen,,Riesling,AOC Alsace Grand Cru Sporen Riesling SGN,1B042D64
AOC,,AOC Alsace Grand Cru,SGN,Sporen,,Pinot Gris,AOC Alsace Grand Cru Sporen Pinot Gris SGN,1B042D63
AOC,,AOC Alsace Grand Cru,SGN,Sporen,,Muscat,AOC Alsace Grand Cru Sporen Muscat SGN,1B042D62
AOC,,AOC Alsace Grand Cru,SGN,Sporen,,Gewurztraminer,AOC Alsace Grand Cru Sporen Gewurztraminer SGN,1B042D61
AOC,,AOC Alsace Grand Cru,SGN,Steinert,,Riesling,AOC Alsace Grand Cru Steinert Riesling SGN,1B043D64
AOC,,AOC Alsace Grand Cru,SGN,Steinert,,Pinot Gris,AOC Alsace Grand Cru Steinert Pinot Gris SGN,1B043D63
AOC,,AOC Alsace Grand Cru,SGN,Steinert,,Muscat,AOC Alsace Grand Cru Steinert Muscat SGN,1B043D62
AOC,,AOC Alsace Grand Cru,SGN,Steinert,,Gewurztraminer,AOC Alsace Grand Cru Steinert Gewurztraminer SGN,1B043D61
AOC,,AOC Alsace Grand Cru,SGN,Steingrubler,,Riesling,AOC Alsace Grand Cru Steingrubler Riesling SGN,1B044D64
AOC,,AOC Alsace Grand Cru,SGN,Steingrubler,,Pinot Gris,AOC Alsace Grand Cru Steingrubler Pinot Gris SGN,1B044D63
AOC,,AOC Alsace Grand Cru,SGN,Steingrubler,,Muscat,AOC Alsace Grand Cru Steingrubler Muscat SGN,1B044D62
AOC,,AOC Alsace Grand Cru,SGN,Steingrubler,,Gewurztraminer,AOC Alsace Grand Cru Steingrubler Gewurztraminer SGN,1B044D61
AOC,,AOC Alsace Grand Cru,SGN,Steinklotz,,Riesling,AOC Alsace Grand Cru Steinklotz Riesling SGN,1B045D64
AOC,,AOC Alsace Grand Cru,SGN,Steinklotz,,Pinot Gris,AOC Alsace Grand Cru Steinklotz Pinot Gris SGN,1B045D63
AOC,,AOC Alsace Grand Cru,SGN,Steinklotz,,Muscat,AOC Alsace Grand Cru Steinklotz Muscat SGN,1B045D62
AOC,,AOC Alsace Grand Cru,SGN,Steinklotz,,Gewurztraminer,AOC Alsace Grand Cru Steinklotz Gewurztraminer SGN,1B045D61
AOC,,AOC Alsace Grand Cru,SGN,Vorbourg,,Riesling,AOC Alsace Grand Cru Vorbourg Riesling SGN,1B046D64
AOC,,AOC Alsace Grand Cru,SGN,Vorbourg,,Pinot Gris,AOC Alsace Grand Cru Vorbourg Pinot Gris SGN,1B046D63
AOC,,AOC Alsace Grand Cru,SGN,Vorbourg,,Muscat,AOC Alsace Grand Cru Vorbourg Muscat SGN,1B046D62
AOC,,AOC Alsace Grand Cru,SGN,Vorbourg,,Gewurztraminer,AOC Alsace Grand Cru Vorbourg Gewurztraminer SGN,1B046D61
AOC,,AOC Alsace Grand Cru,SGN,Wineck-Schlossberg,,Riesling,AOC Alsace Grand Cru Wineck-Schlossberg Riesling SGN,1B048D64
AOC,,AOC Alsace Grand Cru,SGN,Wineck-Schlossberg,,Pinot Gris,AOC Alsace Grand Cru Wineck-Schlossberg Pinot Gris SGN,1B048D63
AOC,,AOC Alsace Grand Cru,SGN,Wineck-Schlossberg,,Muscat,AOC Alsace Grand Cru Wineck-Schlossberg Muscat SGN,1B048D62
AOC,,AOC Alsace Grand Cru,SGN,Wineck-Schlossberg,,Gewurztraminer,AOC Alsace Grand Cru Wineck-Schlossberg Gewurztraminer SGN,1B048D61
AOC,,AOC Alsace Grand Cru,SGN,Winzenberg,,Riesling,AOC Alsace Grand Cru Winzenberg Riesling SGN,1B049D64
AOC,,AOC Alsace Grand Cru,SGN,Winzenberg,,Pinot Gris,AOC Alsace Grand Cru Winzenberg Pinot Gris SGN,1B049D63
AOC,,AOC Alsace Grand Cru,SGN,Winzenberg,,Muscat,AOC Alsace Grand Cru Winzenberg Muscat SGN,1B049D62
AOC,,AOC Alsace Grand Cru,SGN,Winzenberg,,Gewurztraminer,AOC Alsace Grand Cru Winzenberg Gewurztraminer SGN,1B049D61
AOC,,AOC Alsace Grand Cru,SGN,Zinnkoepflé,,Riesling,AOC Alsace Grand Cru Zinnkoepflé Riesling SGN,1B050D64
AOC,,AOC Alsace Grand Cru,SGN,Zinnkoepflé,,Pinot Gris,AOC Alsace Grand Cru Zinnkoepflé Pinot Gris SGN,1B050D63
AOC,,AOC Alsace Grand Cru,SGN,Zinnkoepflé,,Muscat,AOC Alsace Grand Cru Zinnkoepflé Muscat SGN,1B050D62
AOC,,AOC Alsace Grand Cru,SGN,Zinnkoepflé,,Gewurztraminer,AOC Alsace Grand Cru Zinnkoepflé Gewurztraminer SGN,1B050D61
AOC,,AOC Alsace Grand Cru,SGN,Zotzenberg,,Riesling,AOC Alsace Grand Cru Zotzenberg Riesling SGN,1B051D64
AOC,,AOC Alsace Grand Cru,SGN,Zotzenberg,,Pinot Gris,AOC Alsace Grand Cru Zotzenberg Pinot Gris SGN,1B051D63
AOC,,AOC Alsace Grand Cru,SGN,Zotzenberg,,Gewurztraminer,AOC Alsace Grand Cru Zotzenberg Gewurztraminer SGN,1B051D61
AOC,,AOC Alsace Grand Cru,SGN,Furstentum,,Riesling,AOC Alsace Grand Cru Furstentum Riesling SGN,1B012D64
AOC,,AOC Alsace Grand Cru,SGN,Furstentum,,Pinot Gris,AOC Alsace Grand Cru Furstentum Pinot Gris SGN,1B012D63
AOC,,AOC Alsace Grand Cru,SGN,Furstentum,,Muscat,AOC Alsace Grand Cru Furstentum Muscat SGN,1B012D62
AOC,,AOC Alsace Grand Cru,SGN,Furstentum,,Gewurztraminer,AOC Alsace Grand Cru Furstentum Gewurztraminer SGN,1B012D61
AOC,,AOC Alsace Grand Cru,SGN,Bruderthal,,Riesling,AOC Alsace Grand Cru Bruderthal Riesling SGN,1B006D64
AOC,,AOC Alsace Grand Cru,SGN,Bruderthal,,Pinot Gris,AOC Alsace Grand Cru Bruderthal Pinot Gris SGN,1B006D63
AOC,,AOC Alsace Grand Cru,SGN,Bruderthal,,Muscat,AOC Alsace Grand Cru Bruderthal Muscat SGN,1B006D62
AOC,,AOC Alsace Grand Cru,SGN,Bruderthal,,Gewurztraminer,AOC Alsace Grand Cru Bruderthal Gewurztraminer SGN,1B006D61
AOC,,AOC Alsace Grand Cru,SGN,Florimont,,Riesling,AOC Alsace Grand Cru Florimont Riesling SGN,1B009D64
AOC,,AOC Alsace Grand Cru,SGN,Florimont,,Pinot Gris,AOC Alsace Grand Cru Florimont Pinot Gris SGN,1B009D63
AOC,,AOC Alsace Grand Cru,SGN,Florimont,,Muscat,AOC Alsace Grand Cru Florimont Muscat SGN,1B009D62
AOC,,AOC Alsace Grand Cru,SGN,Florimont,,Gewurztraminer,AOC Alsace Grand Cru Florimont Gewurztraminer SGN,1B009D61
AOC,,AOC Alsace Grand Cru,SGN,Kaefferkopf,,Riesling,AOC Alsace Grand Cru Kaefferkopf Riesling SGN,1B053D64
AOC,,AOC Alsace Grand Cru,SGN,Kaefferkopf,,Pinot Gris,AOC Alsace Grand Cru Kaefferkopf Pinot Gris SGN,1B053D63
AOC,,AOC Alsace Grand Cru,SGN,Kaefferkopf,,Gewurztraminer,AOC Alsace Grand Cru Kaefferkopf Gewurztraminer SGN,1B053D61
AOC,,AOC Alsace Grand Cru,SGN,Altenberg de Bergbieten,,Riesling,AOC Alsace Grand Cru Altenberg de Bergbieten Riesling SGN,1B002D64
AOC,,AOC Alsace Grand Cru,SGN,Altenberg de Bergbieten,,Pinot Gris,AOC Alsace Grand Cru Altenberg de Bergbieten Pinot Gris SGN,1B002D63
AOC,,AOC Alsace Grand Cru,SGN,Altenberg de Bergbieten,,Muscat,AOC Alsace Grand Cru Altenberg de Bergbieten Muscat SGN,1B002D62
AOC,,AOC Alsace Grand Cru,SGN,Altenberg de Bergbieten,,Gewurztraminer,AOC Alsace Grand Cru Altenberg de Bergbieten Gewurztraminer SGN,1B002D61
AOC,,AOC Alsace Grand Cru,SGN,Altenberg de Bergheim,,Riesling,AOC Alsace Grand Cru Altenberg de Bergheim Riesling SGN,1B003D64
AOC,,AOC Alsace Grand Cru,SGN,Altenberg de Bergheim,,Pinot Gris,AOC Alsace Grand Cru Altenberg de Bergheim Pinot Gris SGN,1B003D63
AOC,,AOC Alsace Grand Cru,SGN,Altenberg de Bergheim,,Gewurztraminer,AOC Alsace Grand Cru Altenberg de Bergheim Gewurztraminer SGN,1B003D61
AOC,,AOC Alsace Grand Cru,SGN,Brand,,Riesling,AOC Alsace Grand Cru Brand Riesling SGN,1B005D64
AOC,,AOC Alsace Grand Cru,SGN,Brand,,Pinot Gris,AOC Alsace Grand Cru Brand Pinot Gris SGN,1B005D63
AOC,,AOC Alsace Grand Cru,SGN,Brand,,Muscat,AOC Alsace Grand Cru Brand Muscat SGN,1B005D62
AOC,,AOC Alsace Grand Cru,SGN,Brand,,Gewurztraminer,AOC Alsace Grand Cru Brand Gewurztraminer SGN,1B005D61
AOC,,AOC Alsace Grand Cru,SGN,Eichberg,,Riesling,AOC Alsace Grand Cru Eichberg Riesling SGN,1B007D64
AOC,,AOC Alsace Grand Cru,SGN,Eichberg,,Pinot Gris,AOC Alsace Grand Cru Eichberg Pinot Gris SGN,1B007D63
AOC,,AOC Alsace Grand Cru,SGN,Eichberg,,Muscat,AOC Alsace Grand Cru Eichberg Muscat SGN,1B007D62
AOC,,AOC Alsace Grand Cru,SGN,Eichberg,,Gewurztraminer,AOC Alsace Grand Cru Eichberg Gewurztraminer SGN,1B007D61
AOC,,AOC Alsace Grand Cru,SGN,Geisberg,,Riesling,AOC Alsace Grand Cru Geisberg Riesling SGN,1B013D64
AOC,,AOC Alsace Grand Cru,SGN,Geisberg,,Pinot Gris,AOC Alsace Grand Cru Geisberg Pinot Gris SGN,1B013D63
AOC,,AOC Alsace Grand Cru,SGN,Geisberg,,Muscat,AOC Alsace Grand Cru Geisberg Muscat SGN,1B013D62
AOC,,AOC Alsace Grand Cru,SGN,Geisberg,,Gewurztraminer,AOC Alsace Grand Cru Geisberg Gewurztraminer SGN,1B013D61
AOC,,AOC Alsace Grand Cru,SGN,Gloeckelberg,,Riesling,AOC Alsace Grand Cru Gloeckelberg Riesling SGN,1B014D64
AOC,,AOC Alsace Grand Cru,SGN,Gloeckelberg,,Pinot Gris,AOC Alsace Grand Cru Gloeckelberg Pinot Gris SGN,1B014D63
AOC,,AOC Alsace Grand Cru,SGN,Gloeckelberg,,Muscat,AOC Alsace Grand Cru Gloeckelberg Muscat SGN,1B014D62
AOC,,AOC Alsace Grand Cru,SGN,Gloeckelberg,,Gewurztraminer,AOC Alsace Grand Cru Gloeckelberg Gewurztraminer SGN,1B014D61
AOC,,AOC Alsace Grand Cru,SGN,Goldert,,Riesling,AOC Alsace Grand Cru Goldert Riesling SGN,1B015D64
AOC,,AOC Alsace Grand Cru,SGN,Goldert,,Pinot Gris,AOC Alsace Grand Cru Goldert Pinot Gris SGN,1B015D63
AOC,,AOC Alsace Grand Cru,SGN,Goldert,,Muscat,AOC Alsace Grand Cru Goldert Muscat SGN,1B015D62
AOC,,AOC Alsace Grand Cru,SGN,Goldert,,Gewurztraminer,AOC Alsace Grand Cru Goldert Gewurztraminer SGN,1B015D61
AOC,,AOC Alsace Grand Cru,SGN,Hatschbourg,,Riesling,AOC Alsace Grand Cru Hatschbourg Riesling SGN,1B016D64
AOC,,AOC Alsace Grand Cru,SGN,Hatschbourg,,Pinot Gris,AOC Alsace Grand Cru Hatschbourg Pinot Gris SGN,1B016D63
AOC,,AOC Alsace Grand Cru,SGN,Hatschbourg,,Muscat,AOC Alsace Grand Cru Hatschbourg Muscat SGN,1B016D62
AOC,,AOC Alsace Grand Cru,SGN,Hatschbourg,,Gewurztraminer,AOC Alsace Grand Cru Hatschbourg Gewurztraminer SGN,1B016D61
AOC,,AOC Alsace Grand Cru,SGN,Hengst,,Riesling,AOC Alsace Grand Cru Hengst Riesling SGN,1B017D64
AOC,,AOC Alsace Grand Cru,SGN,Hengst,,Pinot Gris,AOC Alsace Grand Cru Hengst Pinot Gris SGN,1B017D63
AOC,,AOC Alsace Grand Cru,SGN,Hengst,,Muscat,AOC Alsace Grand Cru Hengst Muscat SGN,1B017D62
AOC,,AOC Alsace Grand Cru,SGN,Hengst,,Gewurztraminer,AOC Alsace Grand Cru Hengst Gewurztraminer SGN,1B017D61
AOC,,AOC Alsace Pinot noir,,,,Pinot Noir Rosé,AOC Alsace Pinot noir,1S001S 1
AOC,,AOC Alsace PN rouge,,,,Pinot Noir Rouge,AOC Alsace PN rouge,1R001S 1
AOC,,AOC Crémant d'Alsace,,,,Blanc,AOC Crémant d'Alsace Blanc,1B001M00
AOC,,AOC Crémant d'Alsace,,,,Rosé,AOC Crémant d'Alsace Rosé,1S001M00
AOC,VCI,Alsace blanc,,,,,VCI Alsace blanc,1B001S99
AOC,VCI,Crémant d'Alsace,,,,,VCI Crémant d'Alsace,1B001M90
Vins sans IG,Tranquille,Vins sans IG,,,,Blanc,Vins sans IG Blanc,VT_SANS_IG_AUTRES
Vins sans IG,Tranquille,Vins sans IG,,,,Rosé,Vins sans IG Rosé,VT_SANS_IG_AUTRES
Vins sans IG,Tranquille,Vins sans IG,,,,Rouge,Vins sans IG Rouge,VT_SANS_IG_AUTRES
Vins sans IG,Tranquille,CEE,,,Blanc,,Vins sans IG CEE Blanc,VT_ETRANGERS
Vins sans IG,Tranquille,CEE,,,Rouge,,Vins sans IG CEE Rouge,VT_ETRANGERS
Vins sans IG,Tranquille,CEE,,,Rosé,,Vins sans IG CEE Rosé,VT_ETRANGERS
Vins sans IG,Tranquille,Hors UE,,,Blanc,,Vins sans IG Hors UE Blanc,VT_ETRANGERS
Vins sans IG,Tranquille,Hors UE,,,Rouge,,Vins sans IG Hors UE Rouge,VT_ETRANGERS
Vins sans IG,Tranquille,Hors UE,,,Rosé,,Vins sans IG Hors UE Rosé,VT_ETRANGERS
Vins sans IG,Tranquille,Vins tranquilles étrangers,,,Blanc,,Vins tranquilles étrangers Tranquille Blanc,VT_ETRANGERS
Vins sans IG,Tranquille,Vins tranquilles étrangers,,,Rouge,,Vins tranquilles étrangers Tranquille Rouge,VT_ETRANGERS
Vins sans IG,Tranquille,Vins tranquilles étrangers,,,Rosé,,Vins tranquilles étrangers Tranquille Rosé,VT_ETRANGERS
Vins sans IG,Tranquille,Sans cépage,,,,,Vins sans IG Tranquille Sans cépage,VT_SANS_IG_AUTRES
Vins sans IG,Tranquille,Avec cépage,,,,,Vins sans IG Tranquille Avec cépage,VT_SANS_IG_CEPAGE
Vins sans IG,Mousseux,Vins sans IG,,,Blanc,,Vins sans IG Mousseux Blanc,VM_SANS_IG_AUTRES
Vins sans IG,Mousseux,Vins sans IG,,,Rouge,,Vins sans IG Mousseux Rouge,VM_SANS_IG_AUTRES
Vins sans IG,Mousseux,Vins sans IG,,,Rosé,,Vins sans IG Mousseux Rosé,VM_SANS_IG_AUTRES
Vins sans IG,Mousseux,Vins mousseux étrangers,,,Blanc,,Vins mousseux étrangers Blanc,VM_ETRANGERS
Vins sans IG,Mousseux,Vins mousseux étrangers,,,Rouge,,Vins mousseux étrangers Rouge,VM_ETRANGERS
Vins sans IG,Mousseux,Vins mousseux étrangers,,,Rosé,,Vins mousseux étrangers Rosé,VM_ETRANGERS
Vins sans IG,Mousseux,Sans cépage,,,,,Vins sans IG Mousseux Sans cépage,VM_SANS_IG_AUTRES
Vins sans IG,Mousseux,Avec cépage,,,,,Vins sans IG Mousseux Avec cépage,VM_SANS_IG_CEPAGE
Vins AOP,Tranquille,,,,Blanc,,Vins AOP Blanc,VT_IG_AOP
Vins AOP,Tranquille,,,,Rouge,,Vins AOP Rouge,VT_IG_AOP
Vins AOP,Tranquille,,,,Rosé,,Vins AOP Rosé,VT_IG_AOP
Vins AOP,Tranquille,,,,,,Vins AOP Tranquille,VT_IG_AOP
Vins AOP,Tranquille,CEE,,,Blanc,,Vins AOP CEE Blanc,VT_ETRANGERS
Vins AOP,Tranquille,CEE,,,Rouge,,Vins AOP CEE Rouge,VT_ETRANGERS
Vins AOP,Tranquille,CEE,,,Rosé,,Vins AOP CEE Rosé,VT_ETRANGERS
Vins AOP,Mousseux,Champagne,,,Blanc,,Champagne,1B080M
Vins AOP,Mousseux,,,,,,Vins AOP Mousseux,VM_IG_AOP
Vins à IGP,Tranquille,,,,Blanc,,Vins à IGP Blanc,VT_IG_IGP
Vins à IGP,Tranquille,,,,Rouge,,Vins à IGP Rouge,VT_IG_IGP
Vins à IGP,Tranquille,,,,Rosé,,Vins à IGP Rosé,VT_IG_IGP
Vins à IGP,Tranquille,,,,,,Vins à IGP Tranquille,VT_IG_IGP
Vins à IGP,Tranquille,CEE,,,Blanc,,Vins à IGP CEE Blanc,VT_ETRANGERS
Vins à IGP,Tranquille,CEE,,,Rouge,,Vins à IGP CEE Rouge,VT_ETRANGERS
Vins à IGP,Tranquille,CEE,,,Rosé,,Vins à IGP CEE Rosé,VT_ETRANGERS
Vins à IGP,Mousseux,,,,,,Vins à IGP Mousseux,VM_IG_IGP
Autre,,DRA/DPLC,,,Blanc,,DRA/DPLC Blanc,4B988Y
Autre,,DRA/DPLC,,,Rouge,,DRA/DPLC Rouge,4R988Y
Autre,,Lies et Bourbes,,,,,Lies et Bourbes,4X999V
Autre,,Rebêches,,,,,Rebêches,5X999V
Alcools et autres Produits,,Produit intermédiaire inférieur 18°,,,,,Produit intermédiaire inférieur 18°,AUTRES_PI_INF_18
Alcools et autres Produits,,Produit intermédiaire supérieur 18°,,,,,Produit intermédiaire supérieur 18°,AUTRES_PI_SUP_18
Alcools et autres Produits,,Prémix inférieur à 18°,,,,,Prémix inférieur à 18°,AUTRES_PI_INF_18_PREMIX
Alcools et autres Produits,,Alcool inférieur 18°,,,,,Alcool inférieur 18°,ALCOOL_AUTRE_INF_18
Alcools et autres Produits,,Alcool supérieur 18°,,,,,Alcool supérieur 18°,ALCOOL_AUTRE_SUP_18
Alcools et autres Produits,,Matières Premières,,,,,Matières Premières,MATIERES_PREMIERES_ALCOOLS
Alcools et autres Produits,,BFAV,,,,,BFAV,BOISSONS_FERMENTEES_AUTRES
VDN-VDL,,Vin de Liqueur AOP (Sup 18°),,,,,Vin de Liqueur AOP (Sup 18°),VDN_VDL_AOP_SUP_18
VDN-VDL,,Vin de Liqueur AOP (Inf 18°),,,,,Vin de Liqueur AOP (Inf 18°),VDN_VDL_AOP_INF_18
