#interpro;categorie_libelle;categorie_code;genre_libelle;genre_code;denomination_libelle;denomination_code;mention_libelle;mention_code;lieu_libelle;lieu_code;couleur_libelle;couleur_code;cepage_libelle;cepage_code;departements;douane_code;douane_libelle;douane_taxe;douane_date;douane_noeud;cvo_taxe;cvo_date;cvo_noeud;repli_entree;repli_sorti;declassement_entree;declassement_sorti;densite;labels;code_produit;code_produit_noeud;code_analytique;code_comptable_noeud;code_douane;code_douane_noeud;alias_produit;format_libelle_noeud;format_libelle_noeud
inter-loire;AOC;AOC_INTERLOIRE/AOC;;TRANQ;Anjou;ANJ;;;;;Blanc;3;;;;L387;Vins Tranquilles;3,75;2015-08-01;G;4,5;;G;;;;;;;11;cepage;9010;cepage;1B200;cepage;1B200 03;%g% %a% %l% %co% %m%;appellation
inter-loire;AOC;AOC_INTERLOIRE/AOC;;TRANQ;Anjou Coteaux de la Loire;ANJCDL;;;;;Blanc;3;Chenin;CHE;;L387;Vins Tranquilles;3,75;2015-08-01;G;4;;L;;;;;;;21;cepage;9020;cepage;1B202L;cepage;;%g% %a% %l% %m%;certification
inter-loire;AOC;AOC_INTERLOIRE/AOC;;TRANQ;Anjou;ANJ;;;;;Rouge;1;Gamay;GAM;;L387;Vins Tranquilles;3,75;2015-08-01;G;4,5;;G;;;;;;;32;cepage;9030;cepage;1R203S;cepage;;%g% %a% %l% %ce% %m%;cepage
inter-loire;AOC;AOC_INTERLOIRE/AOC;Fines bulles;EFF;Anjou;ANJ;;;;;Blanc;3;;;;L385;Vins Mousseux;9,29;2015-08-01;G;3,8;;A;;;;;;;44;cepage;9040;cepage;1B200M;cepage;1S200M;%a% %g% %l% %co% %m%;genre
inter-loire;AOC;AOC_INTERLOIRE;Fines bulles;EFF;Anjou;ANJ;;;;;Rosé;2;;;;L385;Vins Mousseux;9,29;2015-08-01;G;3,8;;A;;;;;;;44;cepage;9040;cepage;1B200M;cepage;1S200M;%a% %g% %l% %co% %m%;genre
inter-loire;AOC;AOC_INTERLOIRE/AOC;;TRANQ;Anjou;ANJ;;;;;Rouge;1;;;;L387;Vins Tranquilles;3,75;2015-08-01;G;4,5;;G;;;;;;;52;cepage;9050;cepage;1R200S;cepage;;%g% %a% %l% %co% %m%;certification
inter-loire;AOC;AOC_INTERLOIRE/AOC;;TRANQ;Anjou;ANJ;Primeur;PRI;;;Rouge;1;Gamay;GAM;;L387;Vins Tranquilles;3,75;2015-08-01;G;4,5;;G;;;;;;;132;cepage;9130;cepage;1R203S01;cepage;;%g% %a% %l% %ce% %m%;cepage
inter-loire;AOC;AOC_INTERLOIRE/AOC;;TRANQ;Anjou-Villages;AJV;;;;;Rouge;1;;;;L387;Vins Tranquilles;3,75;2015-08-01;G;4,5;;A;;;;;;;62;cepage;9060;cepage;1R204S;cepage;;%g% %a% %l% %m%;certification
inter-loire;AOC;AOC_INTERLOIRE/AOC;;TRANQ;Anjou-Villages Brissac;AJVBRI;;;;;Rouge;1;;;;L387;Vins Tranquilles;3,75;2015-08-01;G;5,5;;L;;;;;;;92;cepage;9090;cepage;1R217S;cepage;;%g% %a% %l% %m%;certification
inter-loire;AOC;AOC_INTERLOIRE/AOC;;TRANQ;Bonnezeaux;BON;;;;;Blanc;3;;CHE;;L387;Vins Tranquilles;3,75;2015-08-01;G;9;2014-08-01;A;;;;;;;71;cepage;9070;cepage;1B210L;cepage;;%g% %a% %l% %m%;certification
inter-loire;AOC;AOC_HORSINTERLOIRE/AOC;;TRANQ;Bourgueil;BRG;;;;;Rouge;1;Cabernet Franc;CBF;;L387;Vins Tranquilles;3,75;2015-08-01;C;-1;2015-08-01;C;;;;;;;592;cepage;;cepage;1S220S;cepage;;%g% %a% %l% %co% %m%;certification
inter-loire;AOC;AOC_HORSINTERLOIRE/AOC;;TRANQ;Bourgueil;BRG;;;;;Rosé;2;Cabernet Franc;CBF;;L387;Vins Tranquilles;3,75;2015-08-01;C;-1;2015-08-01;C;;;;;;;593;cepage;;cepage;1R220S;cepage;;%g% %a% %l% %co% %m%;certification
inter-loire;AOC;AOC_INTERLOIRE/AOC;;TRANQ;Cabernet d'Anjou;CAJ;;;;;Rosé;2;;;;L387;Vins Tranquilles;3,75;2015-08-01;G;4,5;;A;;;;;;;83;cepage;9080;cepage;1S201D;cepage;1S201D03;%g% %a% %l% %m%;certification
inter-loire;AOC;AOC_INTERLOIRE/AOC;;TRANQ;Cabernet de Saumur;CAS;;;;;Rosé;2;;;;L387;Vins Tranquilles;3,75;2015-08-01;G;4;;A;;;;;;;103;cepage;9100;cepage;1S207;cepage;1S20701;%g% %a% %l% %m%;certification
inter-loire;AOC;AOC_INTERLOIRE/AOC;;TRANQ;Chinon;CHI;;;;;Blanc;3;Chenin;CHE;;L387;Vins Tranquilles;3,75;2015-08-01;G;4,5;;A;;;;;;;581;cepage;9580;cepage;0631B;cepage;;%g% %a% %l% %co% %m%;appellation
inter-loire;AOC;AOC_INTERLOIRE/AOC;;TRANQ;Chinon;CHI;;;;;Rouge;1;Cabernet Franc;CBF;;L387;Vins Tranquilles;3,75;2015-08-01;G;4,5;;A;;;;;;;582;cepage;9580;cepage;0631R;cepage;;%g% %a% %l% %co% %m%;appellation
inter-loire;AOC;AOC_INTERLOIRE/AOC;;TRANQ;Chinon;CHI;;;;;Rosé;2;Cabernet Franc;CBF;;L387;Vins Tranquilles;3,75;2015-08-01;G;4,5;;A;;;;;;;583;cepage;9580;cepage;0631S;cepage;;%g% %a% %l% %co% %m%;appellation
inter-loire;AOC;AOC_INTERLOIRE/AOC;;TRANQ;Coteaux d'Ancenis;COA;;;;;Blanc;3;;;;L387;Vins Tranquilles;3,75;2015-08-01;G;3,8;;A;;;;;;;3010;cepage;9980;cepage;;cepage;;%g% %a% %l% %co% %m%;appellation
inter-loire;AOC;AOC_INTERLOIRE/AOC;;TRANQ;Coteaux d'Ancenis;COA;;;;;Rouge;1;;;;L387;Vins Tranquilles;3,75;2015-08-01;G;3,8;;A;;;;;;;3020;cepage;9980;cepage;;cepage;;%g% %a% %l% %co% %m%;appellation
inter-loire;AOC;AOC_INTERLOIRE/AOC;;TRANQ;Coteaux d'Ancenis;COA;;;;;Rosé;2;;;;L387;Vins Tranquilles;3,75;2015-08-01;G;3,8;;A;;;;;;;3030;cepage;9980;cepage;;cepage;;%g% %a% %l% %co% %m%;appellation
inter-loire;AOC;AOC_INTERLOIRE/AOC;;TRANQ;Coteaux de l'Aubance;COB;;;;;Blanc;3;Chenin;CHE;;L387;Vins Tranquilles;3,75;2015-08-01;G;5,5;;A;;;;;;;191;cepage;9190;cepage;1B211L;cepage;1B211L01;%g% %a% %l% %m%;certification
inter-loire;AOC;AOC_INTERLOIRE/AOC;;TRANQ;Coteaux de Saumur;COS;;;;;Blanc;3;Chenin;CHE;;L387;Vins Tranquilles;3,75;2015-08-01;G;5;;A;;;;;;;231;cepage;9230;cepage;1B213L;cepage;;%g% %a% %l% %m%;certification
inter-loire;AOC;AOC_INTERLOIRE/AOC;;TRANQ;Coteaux du Layon;COL;;;;;Blanc;3;Chenin;CHE;;L387;Vins Tranquilles;3,75;2015-08-01;G;5;;A;;;;;;;201;cepage;9200;cepage;1B212L;cepage;1B212L10;%g% %a% %l% %m%;certification
inter-loire;AOC;AOC_INTERLOIRE/AOC;;TRANQ;Coteaux du Layon 1er cru Chaume;COL;;;Chaume;CHA;Blanc;3;Chenin;CHE;;L387;Vins Tranquilles;3,75;2015-08-01;G;5;;A;;;;;;;211;cepage;9210;cepage;1B212L02;cepage;;%g% %a% %l% %m%;certification
inter-loire;AOC;AOC_INTERLOIRE/AOC;;TRANQ;Coteaux du Layon;COL;Villages;VIL;;;Blanc;3;Chenin;CHE;;L387;Vins Tranquilles;3,75;2015-08-01;G;5;;A;;;;;;;221;cepage;9220;cepage;1B212L01;cepage;1B212L11|1B212L03|1B212L13|1B212L04|1B212L14|1B212L05|1B212L15|1B212L06|1B212L16|1B212L07|1B212L17;%g% %a% %l% %m%;certification
inter-loire;AOC;AOC_INTERLOIRE/AOC;;TRANQ;Coteaux du loir;CDL;;;;;Blanc;3;Chenin;CHE;;L387;Vins Tranquilles;3,75;2015-08-01;G;4;;A;;;;;;;611;cepage;9630;cepage;1B223;cepage;;%g% %a% %l% %co% %m%;appellation
inter-loire;AOC;AOC_INTERLOIRE/AOC;;TRANQ;Coteaux du loir;CDL;;;;;Rouge;1;;;;L387;Vins Tranquilles;3,75;2015-08-01;G;4;;A;;;;;;;612;cepage;9630;cepage;1R223S;cepage;;%g% %a% %l% %co% %m%;appellation
inter-loire;AOC;AOC_INTERLOIRE/AOC;;TRANQ;Coteaux du loir;CDL;;;;;Rosé;2;;;;L387;Vins Tranquilles;3,75;2015-08-01;G;4;;A;;;;;;;613;cepage;9630;cepage;1S223S;cepage;;%g% %a% %l% %co% %m%;appellation
inter-loire;AOC;AOC_INTERLOIRE/AOC;Fines bulles;EFF;Crémant de Loire;CLO;;;;;Blanc;3;;;;L385;Vins Mousseux;9,29;2015-08-01;G;4;;G;;;;;1.5;;404;cepage;9400;cepage;1B215M;cepage;1S215M;%a% %l% %co% %m%;genre
inter-loire;AOC;AOC_INTERLOIRE;Fines bulles;EFF;Crémant de Loire;CLO;;;;;Rosé;2;;;;L385;Vins Mousseux;9,29;2015-08-01;G;4;;G;;;;;1.5;;404;cepage;9400;cepage;1B215M;cepage;1S215M;%a% %l% %co% %m%;genre
inter-loire;AOC;AOC_HORSINTERLOIRE/AOC;;TRANQ;Fiefs vendéens;FVD;;;;;Blanc;3;;;;L387;Vins Tranquilles;3,75;2015-08-01;G;-1;2015-08-01;C;;;;;;;4010;cepage;9990;cepage;;cepage;;%g% %a% %l% %co% %m%;certification
inter-loire;AOC;AOC_HORSINTERLOIRE/AOC;;TRANQ;Fiefs vendéens;FVD;;;;;Rouge;1;;;;L387;Vins Tranquilles;3,75;2015-08-01;G;-1;2015-08-01;C;;;;;;;4020;cepage;9990;cepage;;cepage;;%g% %a% %l% %co% %m%;certification
inter-loire;AOC;AOC_HORSINTERLOIRE/AOC;;TRANQ;Fiefs vendéens;FVD;;;;;Rosé;2;;;;L387;Vins Tranquilles;3,75;2015-08-01;G;-1;2015-08-01;C;;;;;;;4030;cepage;9990;cepage;;cepage;;%g% %a% %l% %co% %m%;certification
inter-loire;AOC;AOC_INTERLOIRE/AOC;;TRANQ;Gros plant;GPL;;;;;Blanc;3;Folle blanche;FBL;;L387;Vins Tranquilles;3,75;2015-08-01;G;4;;A;;;;;;;2000;cepage;9960;cepage;2058B;cepage;;%g% %a% %l% %m%;certification
inter-loire;AOC;AOC_INTERLOIRE/AOC;;TRANQ;Gros plant;GPL;Sur lie;LIE;;;Blanc;3;Folle blanche;FBL;;L387;Vins Tranquilles;3,75;2015-08-01;G;4;;A;;;;;;;2001;cepage;9970;cepage;2058BSL;cepage;;%g% %a% %l% %m%;certification
inter-loire;AOC;AOC_INTERLOIRE/AOC;;TRANQ;Jasnières;JAS;;;;;Blanc;3;Chenin;CHE;;L387;Vins Tranquilles;3,75;2015-08-01;G;4;;A;;;;;;;621;cepage;9620;cepage;1B224;cepage;;%g% %a% %l% %m%;certification
inter-loire;AOC;AOC_HORSINTERLOIRE/AOC;;TRANQ;Montlouis sur Loire;MLL;;;;;Blanc;3;Chenin;CHE;;L387;Vins Tranquilles;3,75;2015-08-01;G;-1;2015-08-01;C;;;;;;;561;cepage;9560;cepage;1B225;cepage;;%g% %a% %l% %m%;appellation
inter-loire;AOC;AOC_HORSINTERLOIRE/AOC;Fines bulles;EFF;Montlouis sur Loire;MLL;;;;;Blanc;3;Chenin;CHE;;L385;Vins Mousseux;9,29;2015-08-01;G;-1;2015-08-01;C;;;;;;;564;cepage;9560;cepage;1B225M;cepage;1B225P;%a% %g% %l% %co% %m%;genre
inter-loire;AOC;AOC_INTERLOIRE/AOC;;TRANQ;Muscadet AC;MUSAC;;;;;Blanc;3;Melon;MEL;;L387;Vins Tranquilles;3,75;2015-08-01;G;4;2013-08-01;A;;;;;;;1040;cepage;9940;cepage;1B228;cepage;;%g% %a% %l% %m%;certification
inter-loire;AOC;AOC_INTERLOIRE/AOC;;TRANQ;Muscadet AC;MUSAC;Sur lie;LIE;;;Blanc;3;Melon;MEL;;L387;Vins Tranquilles;3,75;2015-08-01;G;4;2013-08-01;A;;;;;;;1041;cepage;9950;cepage;1B22801;cepage;;%g% %a% %l% %m%;certification
inter-loire;AOC;AOC_INTERLOIRE/AOC;;TRANQ;Muscadet Coteaux de la Loire;MUSCDL;;;;;Blanc;3;Melon;MEL;;L387;Vins Tranquilles;3,75;2015-08-01;G;4;2013-08-01;A;;;;;;;1060;cepage;9940;cepage;1B229;cepage;;%g% %a% %l% %m%;certification
inter-loire;AOC;AOC_INTERLOIRE/AOC;;TRANQ;Muscadet Coteaux de la Loire;MUSCDL;Sur lie;LIE;;;Blanc;3;Melon;MEL;;L387;Vins Tranquilles;3,75;2015-08-01;G;4;2013-08-01;A;;;;;;;1061;cepage;9950;cepage;1B22901;cepage;;%g% %a% %l% %m%;certification
inter-loire;AOC;AOC_INTERLOIRE/AOC;;TRANQ;Muscadet Côtes de Grand Lieu;MUSCGL;;;;;Blanc;3;Melon;MEL;;L387;Vins Tranquilles;3,75;2015-08-01;G;4;2013-08-01;A;;;;;;;1070;cepage;9940;cepage;1B227;cepage;;%g% %a% %l% %m%;certification
inter-loire;AOC;AOC_INTERLOIRE/AOC;;TRANQ;Muscadet Côtes de Grand Lieu;MUSCGL;Sur lie;LIE;;;Blanc;3;Melon;MEL;;L387;Vins Tranquilles;3,75;2015-08-01;G;4;2013-08-01;A;;;;;;;1071;cepage;9950;cepage;1B22701;cepage;;%g% %a% %l% %m%;certification
inter-loire;AOC;AOC_INTERLOIRE/AOC;;TRANQ;Muscadet AC;MUSAC;Primeur;PRI;;;Blanc;3;Melon;MEL;;L387;Vins Tranquilles;3,75;2015-08-01;G;4;2013-08-01;A;;;;;;;1080;cepage;9940;cepage;1B22802;cepage;;%g% %a% %l% %m%;certification
inter-loire;AOC;AOC_INTERLOIRE/AOC;;TRANQ;Muscadet Sèvre et Maine;MUSSM;;;;;Blanc;3;Melon;MEL;;L387;Vins Tranquilles;3,75;2015-08-01;G;4;2013-08-01;A;;;;;;;1050;cepage;9940;cepage;1B230;cepage;1230BC1|1230BC2|1230BC3;%g% %a% %l% %m%;certification
inter-loire;AOC;AOC_INTERLOIRE/AOC;;TRANQ;Muscadet Sèvre et Maine;MUSSM;Sur lie;LIE;;;Blanc;3;Melon;MEL;;L387;Vins Tranquilles;3,75;2015-08-01;G;4;2013-08-01;A;;;;;;;1051;cepage;9950;cepage;1B23001;cepage;;%g% %a% %l% %m%;certification
inter-loire;AOC;AOC_INTERLOIRE/AOC;;TRANQ;Muscadet Sèvre et Maine;MUSSM;;;Gorges;GORGES;Blanc;3;Melon;MEL;;L387;Vins Tranquilles;3,75;2015-08-01;G;4;2013-08-01;A;;;;;;;1250;cepage;9940;cepage;1B702;cepage;;%g% %a% %l% %m%;certification
inter-loire;AOC;AOC_INTERLOIRE/AOC;;TRANQ;Muscadet Sèvre et Maine;MUSSM;;;Clisson;CLISSON;Blanc;3;Melon;MEL;;L387;Vins Tranquilles;3,75;2015-08-01;G;4;2013-08-01;A;;;;;;;1150;cepage;9940;cepage;1B701;cepage;;%g% %a% %l% %m%;certification
inter-loire;AOC;AOC_INTERLOIRE/AOC;;TRANQ;Muscadet Sèvre et Maine;MUSSM;;;Le Pallet;LEPALLET;Blanc;3;Melon;MEL;;L387;Vins Tranquilles;3,75;2015-08-01;G;4;2013-08-01;A;;;;;;;1350;cepage;9940;cepage;1B703;cepage;;%g% %a% %l% %m%;certification
inter-loire;AOC;AOC_INTERLOIRE/AOC;;TRANQ;Quarts de Chaume;QDC;;;;;Blanc;3;Chenin;CHE;;L387;Vins Tranquilles;3,75;2015-08-01;G;6;;A;;;;;;;111;cepage;9110;cepage;1B214L;cepage;;%g% %a% %l% %m%;certification
inter-loire;AOC;AOC_INTERLOIRE/AOC;;TRANQ;Rosé d'Anjou;RAJ;;;;;Rosé;2;;;;L387;Vins Tranquilles;3,75;2015-08-01;G;4,5;;A;;;;;;;123;cepage;9120;cepage;1S200D;cepage;1S200D03;%g% %a% %l% %m%;certification
inter-loire;AOC;AOC_INTERLOIRE/AOC;;TRANQ;Rosé de Loire;RLO;;;;;Rosé;2;;;;L387;Vins Tranquilles;3,75;2015-08-01;G;4,5;;A;;;;;;;413;cepage;9410;cepage;1S209S;cepage;;%g% %a% %l% %m%;certification
inter-loire;AOC;AOC_INTERLOIRE/AOC;;TRANQ;Saumur;SAU;;;;;Blanc;3;Chenin;CHE;;L387;Vins Tranquilles;3,75;2015-08-01;G;4,2;;CO;;;;;;;151;cepage;9150;cepage;1B206;cepage;;%g% %a% %l% %co% %m%;appellation
inter-loire;AOC;AOC_INTERLOIRE/AOC;;TRANQ;Saumur;SAU;;;Puy-Notre-Dame;PND;;1;;;;L387;Vins Tranquilles;3,75;2015-08-01;G;4;;L;;;;;;;152;cepage;9240;cepage;1R189S;cepage;;%g% %a% %l% %m%;certification
inter-loire;AOC;AOC_INTERLOIRE/AOC;;TRANQ;Saumur Champigny;SAUCHA;;;;;Rouge;1;;;;L387;Vins Tranquilles;3,75;2015-08-01;G;4;;L;;;;;;;162;cepage;9160;cepage;1R208;cepage;;%g% %a% %l% %m%;certification
inter-loire;AOC;AOC_INTERLOIRE/AOC;Fines bulles;EFF;Saumur;SAU;;;;;Blanc;3;;;;L385;Vins Mousseux;9,29;2015-08-01;G;3,8;;A;;;;;;;174;cepage;9170;cepage;1B205M;cepage;1S205M;%a% %g% %l% %co% %m%;genre
inter-loire;AOC;AOC_INTERLOIRE;Fines bulles;EFF;Saumur;SAU;;;;;Rosé;2;;;;L385;Vins Mousseux;9,29;2015-08-01;G;3,8;;A;;;;;;;174;cepage;9170;cepage;1B205M;cepage;1S205M;%a% %g% %l% %co% %m%;genre
inter-loire;AOC;AOC_INTERLOIRE/AOC;;TRANQ;Saumur;SAU;;;;;Rouge;1;;;;L387;Vins Tranquilles;3,75;2015-08-01;G;4,5;;CO;;;;;;;182;cepage;9180;cepage;1R206S;cepage;;%g% %a% %l% %co% %m%;appellation
inter-loire;AOC;AOC_INTERLOIRE/AOC;;TRANQ;Savennières;SAV;;;;;Blanc;3;Chenin;CHE;;L387;Vins Tranquilles;3,75;2015-08-01;G;5,5;2013-08-01;L;;;;;;;141;cepage;9140;cepage;1B216S;cepage;1B216L|1B216S01|1B216L01;%g% %a% %l% %m%;certification
inter-loire;AOC;AOC_INTERLOIRE/AOC;;TRANQ;Savennières Roche aux moines;SAVRAM;;;;;Blanc;3;Chenin;CHE;;L387;Vins Tranquilles;3,75;2015-08-01;G;4,5;;G;;;;;;;651;cepage;9250;cepage;1B216S02;cepage;1B216L02;%g% %a% %l% %m%;certification
inter-loire;AOC;AOC_INTERLOIRE/AOC;;TRANQ;Savennières Coulée de Serrant;SAV;;;;CDS;Blanc;3;Chenin;CHE;;L387;Vins Tranquilles;3,75;2015-08-01;G;4,5;2013-08-01;L;;;;;;;651;cepage;9250;cepage;1B216S02;cepage;1B216S01;%g% %a% %l% %m%;certification
inter-loire;AOC;AOC_INTERLOIRE/AOC;;TRANQ;St Nicolas de Bourgueil;STN;;;;;Rouge;1;Cabernet Franc;CBF;;L387;Vins Tranquilles;3,75;2015-08-01;G;3,79;;A;;;;;;;602;cepage;9600;cepage;1R221S;cepage;;%g% %a% %l% %co% %m%;appellation
inter-loire;AOC;AOC_INTERLOIRE/AOC;;TRANQ;St Nicolas de Bourgueil;STN;;;;;Rosé;2;Cabernet Franc;CBF;;L387;Vins Tranquilles;3,75;2015-08-01;G;3,79;;A;;;;;;;603;cepage;9600;cepage;1S221S;cepage;;%g% %a% %l% %co% %m%;appellation
inter-loire;AOC;AOC_INTERLOIRE/AOC;;TRANQ;Touraine;TOU;;;;;Blanc;3;;;;L387;Vins Tranquilles;3,75;2015-08-01;G;4;;A;;;;;;;511;cepage;9500;cepage;1B235S;cepage;;%g% %a% %l% %co% %m%;appellation
inter-loire;AOC;AOC_INTERLOIRE/AOC;;TRANQ;Touraine;TOU;;;;;Rouge;1;;;;L387;Vins Tranquilles;3,75;2015-08-01;G;4;;A;;;;;;;512;cepage;9500;cepage;1R235S;cepage;;%g% %a% %l% %co% %m%;appellation
inter-loire;AOC;AOC_INTERLOIRE/AOC;;TRANQ;Touraine;TOU;;;;;Rosé;2;;;;L387;Vins Tranquilles;3,75;2015-08-01;G;4;;A;;;;;;;513;cepage;9500;cepage;1S235S;cepage;;%g% %a% %l% %co% %m%;appellation
inter-loire;AOC;AOC_INTERLOIRE/AOC;Fines bulles;EFF;Touraine;TOU;;;;;Blanc;3;;;;L385;Vins Mousseux;9,29;2015-08-01;G;4;;G;;;;;;;514;cepage;9500;cepage;1B235M;cepage;1B235P|1S235P|1S235M|1R234M;%a% %g% %l% %co% %m%;genre
inter-loire;AOC;AOC_INTERLOIRE;Fines bulles;EFF;Touraine;TOU;;;;;Rosé;2;;;;L385;Vins Mousseux;9,29;2015-08-01;G;4;;G;;;;;;;514;cepage;9500;cepage;1B235M;cepage;1B235P|1S235P|1S235M|1R234M;%a% %g% %l% %co% %m%;genre
inter-loire;AOC;AOC_INTERLOIRE/AOC;;TRANQ;Touraine;TOU;Primeur;PRI;;;Rouge;1;;;;L387;Vins Tranquilles;3,75;2015-08-01;G;4;;A;;;;;;;522;cepage;9500;cepage;1R235S01;cepage;;%g% %a% %l% %co% %m%;appellation
inter-loire;AOC;AOC_INTERLOIRE/AOC;;TRANQ;Touraine;TOU;Primeur;PRI;;;Rosé;2;;;;L387;Vins Tranquilles;3,75;2015-08-01;G;4;;A;;;;;;;523;cepage;9500;cepage;1S235S01;cepage;;%g% %a% %l% %co% %m%;appellation
inter-loire;AOC;AOC_INTERLOIRE/AOC;;TRANQ;Touraine;TOU;;;Amboise;AMB;Blanc;3;Chenin;CHE;;L387;Vins Tranquilles;3,75;2015-08-01;G;4;;A;;;;;;;531;cepage;9530;cepage;1B236;cepage;;%g% %a% %l% %co% %m%;appellation
inter-loire;AOC;AOC_INTERLOIRE/AOC;;TRANQ;Touraine;TOU;;;Amboise;AMB;Rouge;1;;;;L387;Vins Tranquilles;3,75;2015-08-01;G;4;;A;;;;;;;532;cepage;9530;cepage;1R236S;cepage;;%g% %a% %l% %co% %m%;appellation
inter-loire;AOC;AOC_INTERLOIRE/AOC;;TRANQ;Touraine;TOU;;;Amboise;AMB;Rosé;2;;;;L387;Vins Tranquilles;3,75;2015-08-01;G;4;;A;;;;;;;533;cepage;9530;cepage;1S236;cepage;;%g% %a% %l% %co% %m%;appellation
inter-loire;AOC;AOC_INTERLOIRE/AOC;;TRANQ;Touraine;TOU;;;Azay-le-rideau;ALR;Blanc;3;Chenin;CHE;;L387;Vins Tranquilles;3,75;2015-08-01;G;4,5;;L;;;;;;;541;cepage;9540;cepage;1B237;cepage;;%g% %a% %l% %co% %m%;appellation
inter-loire;AOC;AOC_INTERLOIRE/AOC;;TRANQ;Touraine;TOU;;;Azay-le-rideau;ALR;Rosé;2;;;;L387;Vins Tranquilles;3,75;2015-08-01;G;4,5;;L;;;;;;;543;cepage;9540;cepage;1S237S;cepage;;%g% %a% %l% %co% %m%;appellation
inter-loire;AOC;AOC_INTERLOIRE/AOC;;TRANQ;Touraine;TOU;;;Mesland;MES;Blanc;3;Chenin;CHE;;L387;Vins Tranquilles;3,75;2015-08-01;G;3,8;;L;;;;;;;551;cepage;9550;cepage;1B238;cepage;;%g% %a% %l% %co% %m%;appellation
inter-loire;AOC;AOC_INTERLOIRE/AOC;;TRANQ;Touraine;TOU;;;Mesland;MES;Rouge;1;;;;L387;Vins Tranquilles;3,75;2015-08-01;G;3,8;;L;;;;;;;552;cepage;9550;cepage;1R238S;cepage;;%g% %a% %l% %co% %m%;appellation
inter-loire;AOC;AOC_INTERLOIRE/AOC;;TRANQ;Touraine;TOU;;;Mesland;MES;Rosé;2;;;;L387;Vins Tranquilles;3,75;2015-08-01;G;3,8;;L;;;;;;;553;cepage;9550;cepage;1S238;cepage;;%g% %a% %l% %co% %m%;appellation
inter-loire;AOC;AOC_INTERLOIRE/AOC;;TRANQ;Touraine Noble Joué;TOUNJO;;;;;Rosé;2;;;;L387;Vins Tranquilles;3,75;2015-08-01;G;3,74;;L;;;;;;;493;cepage;9610;cepage;1S239;cepage;;%g% %a% %l% %m%;certification
inter-loire;AOC;AOC_INTERLOIRE/AOC;;TRANQ;Touraine;TOU;;;Chenonceaux;CHE;Blanc;3;Sauvignon;SAUB;;L387;Vins Tranquilles;3,75;2015-08-01;G;4;;A;;;;;;;631;cepage;9650;cepage;1B705S;cepage;;%g% %a% %l% %co% %m%;appellation
inter-loire;AOC;AOC_INTERLOIRE/AOC;;TRANQ;Touraine;TOU;;;Chenonceaux;CHE;Rouge;1;;;;L387;Vins Tranquilles;3,75;2015-08-01;G;4;;A;;;;;;;632;cepage;9650;cepage;1R705S;cepage;;%g% %a% %l% %co% %m%;appellation
inter-loire;AOC;AOC_INTERLOIRE/AOC;;TRANQ;Touraine;TOU;;;Oisly;OIS;Blanc;3;Sauvignon Blanc;SAUB;;L387;Vins Tranquilles;3,75;2015-08-01;G;4;;A;;;;;;;641;cepage;9640;cepage;1B704S;cepage;;%g% %a% %l% %m%;certification
inter-loire;AOC;AOC_INTERLOIRE/AOC;;TRANQ;Vouvray;VOU;;;;;Blanc;3;;;;L387;Vins Tranquilles;3,75;2015-08-01;G;4;;A;;;;;;;571;cepage;9570;cepage;1B226;cepage;;%g% %a% %l% %m%;certification
inter-loire;AOC;AOC_INTERLOIRE/AOC;Fines bulles;EFF;Vouvray;VOU;;;;;Blanc;3;;;;L385;Vins Mousseux;9,29;2015-08-01;G;4;;G;;;;;;;574;cepage;9570;cepage;1B226M;cepage;1B226P;%a% %g% %l% %co% %m%;genre
inter-loire;IGP;IGP_VALDELOIRE;;TRANQ;Val de Loire;VAL;;;;;Blanc;3;;;;L387;Vins Tranquilles;3,75;2015-08-01;C;0;2015-08-01;C;;;;;;;;;;;3B009;;;%c% %g% %a% %l% %co% %ce% %m%;certification
inter-loire;IGP;IGP_VALDELOIRE;;TRANQ;Val de Loire;VAL;;;;;Rosé;2;;;;L387;Vins Tranquilles;3,75;2015-08-01;C;0;2015-08-01;C;;;;;;;;;;;3S009;;;%c% %g% %a% %l% %co% %ce% %m%;certification
inter-loire;IGP;IGP_VALDELOIRE;;TRANQ;Val de Loire;VAL;;;;;Rouge;1;;;;L387;Vins Tranquilles;3,75;2015-08-01;C;0;2015-08-01;C;;;;;;;;;;;3R009;;;%c% %g% %a% %l% %co% %ce% %m%;certification
inter-loire;AOC;AOC_HORSINTERLOIRE;;TRANQ;Cheverny;CHY;;;;CHY;Blanc;3;;;;L387;Vins Tranquilles;3,75;2015-08-01;C;-1;2015-08-01;C;;;;;;;;;;;1B231S  ;;;%g% %a% %l% %co% %m%;certification
inter-loire;AOC;AOC_HORSINTERLOIRE;;TRANQ;Cheverny;CHY;;;;CHY;Rosé;2;;;;L387;Vins Tranquilles;3,75;2015-08-01;C;-1;2015-08-01;C;;;;;;;;;;;1S231S  ;;;%g% %a% %l% %co% %m%;certification
inter-loire;AOC;AOC_HORSINTERLOIRE;;TRANQ;Cheverny;CHY;;;;CHY;Rouge;1;;;;L387;Vins Tranquilles;3,75;2015-08-01;C;-1;2015-08-01;C;;;;;;;;;;;1R231S  ;;;%g% %a% %l% %co% %m%;certification
inter-loire;AOC;AOC_HORSINTERLOIRE;;TRANQ;Coteaux du Vendomois;CTXV;;;;VDM;Blanc;3;;;;L387;Vins Tranquilles;3,75;2015-08-01;C;-1;2015-08-01;C;;;;;;;;;;;1B218S  ;;;%g% %a% %l% %co% %m%;certification
inter-loire;AOC;AOC_HORSINTERLOIRE;;TRANQ;Coteaux du Vendomois;CTXV;;;;VDM;Rouge;1;;;;L387;Vins Tranquilles;3,75;2015-08-01;C;-1;2015-08-01;C;;;;;;;;;;;1S218S  ;;;%g% %a% %l% %co% %m%;certification
inter-loire;AOC;AOC_HORSINTERLOIRE;;TRANQ;Coteaux du Vendomois;CTXV;;;;VDM;Rosé;1;;;;L387;Vins Tranquilles;3,75;2015-08-01;C;-1;2015-08-01;C;;;;;;;;;;;1R218S  ;;;%g% %a% %l% %co% %m%;certification
inter-loire;AOC;AOC_HORSINTERLOIRE;;TRANQ;Cour-Cheverny;CCHY;;;;CHY;Blanc;3;;;;L387;Vins Tranquilles;3,75;2015-08-01;C;-1;2015-08-01;C;;;;;;;;;;;1B232S  ;;;%g% %a% %l% %m%;appellation
inter-loire;AOC;AOC_HORSINTERLOIRE;;TRANQ;Haut-Poitou;HPT;;;;;Blanc;3;;;;L387;Vins Tranquilles;3,75;2015-08-01;C;-1;2015-08-01;C;;;;;;;;;;;1B713S  ;;;%g% %a% %l% %co% %m%;certification
inter-loire;AOC;AOC_HORSINTERLOIRE;;TRANQ;Haut-Poitou;HPT;;;;;Rosé;2;;;;L387;Vins Tranquilles;3,75;2015-08-01;C;-1;2015-08-01;C;;;;;;;;;;;1S713S  ;;;%g% %a% %l% %co% %m%;certification
inter-loire;AOC;AOC_HORSINTERLOIRE;;TRANQ;Haut-Poitou;HPT;;;;;Rouge;1;;;;L387;Vins Tranquilles;3,75;2015-08-01;C;-1;2015-08-01;C;;;;;;;;;;;1R713S  ;;;%g% %a% %l% %co% %m%;certification
inter-loire;AOC;AOC_HORSINTERLOIRE;;TRANQ;Valençay;VLY;;;;;Blanc;3;;;;L387;Vins Tranquilles;3,75;2015-08-01;C;-1;2015-08-01;C;;;;;;;;;;;1B233S  ;;;%g% %a% %l% %co% %m%;certification
inter-loire;AOC;AOC_HORSINTERLOIRE;;TRANQ;Valençay;VLY;;;;;Rosé;2;;;;L387;Vins Tranquilles;3,75;2015-08-01;C;-1;2015-08-01;C;;;;;;;;;;;1S233S  ;;;%g% %a% %l% %co% %m%;certification
inter-loire;AOC;AOC_HORSINTERLOIRE;;TRANQ;Valençay;VLY;;;;;Rouge;1;;;;L387;Vins Tranquilles;3,75;2015-08-01;C;-1;2015-08-01;C;;;;;;;;;;;1R233S  ;;;%g% %a% %l% %co% %m%;certification
inter-loire;IGP;IGP_VALDELOIRE;;TRANQ;Val de Loire;VAL;;;;;Blanc;3;Multi cépage;MULTI;;L387;Vins Tranquilles;3,75;2015-08-01;C;0;2015-08-01;C;;;;;;;;;;;3B009 00; ;;%c% %g% %a% %l% %co% %ce% %m%;certification
inter-loire;IGP;IGP_VALDELOIRE;;TRANQ;Val de Loire;VAL;;;;;Blanc;3;Pinot gris;PIN;;L387;Vins Tranquilles;3,75;2015-08-01;C;0;2015-08-01;C;;;;;;;;;;;3B009 AA; ;;%c% %g% %a% %l% %co% %ce% %m%;certification
inter-loire;IGP;IGP_VALDELOIRE;;TRANQ;Val de Loire;VAL;;;;;Blanc;3;Sauvignon blanc;SAU;;L387;Vins Tranquilles;3,75;2015-08-01;C;0;2015-08-01;C;;;;;;;;;;;3B009 AE; ;;%c% %g% %a% %l% %co% %ce% %m%;certification
inter-loire;IGP;IGP_VALDELOIRE;;TRANQ;Val de Loire;VAL;;;;;Blanc;3;Sauvignon gris;SAU;;L387;Vins Tranquilles;3,75;2015-08-01;C;0;2015-08-01;C;;;;;;;;;;;3B009 AF; ;;%c% %g% %a% %l% %co% %ce% %m%;certification
inter-loire;IGP;IGP_VALDELOIRE;;TRANQ;Val de Loire;VAL;;;;;Blanc;3;Chardonnay;CHA;;L387;Vins Tranquilles;3,75;2015-08-01;C;0;2015-08-01;C;;;;;;;;;;;3B009 CA; ;;%c% %g% %a% %l% %co% %ce% %m%;certification
inter-loire;IGP;IGP_VALDELOIRE;;TRANQ;Val de Loire;VAL;;;;;Blanc;3;Chenin;CHE;;L387;Vins Tranquilles;3,75;2015-08-01;C;0;2015-08-01;C;;;;;;;;;;;3B009 CF; ;;%c% %g% %a% %l% %co% %ce% %m%;certification
inter-loire;IGP;IGP_VALDELOIRE;;TRANQ;Val de Loire;VAL;;;;;Blanc;3;Folle blanche;FBL;;L387;Vins Tranquilles;3,75;2015-08-01;C;0;2015-08-01;C;;;;;;;;;;;3B009 CL; ;;%c% %g% %a% %l% %co% %ce% %m%;certification
inter-loire;IGP;IGP_VALDELOIRE;;TRANQ;Val de Loire;VAL;;;;;Blanc;3;Grolleau gris;GRO;;L387;Vins Tranquilles;3,75;2015-08-01;C;0;2015-08-01;C;;;;;;;;;;;3B009 CU; ;;%c% %g% %a% %l% %co% %ce% %m%;certification
inter-loire;IGP;IGP_VALDELOIRE;;TRANQ;Val de Loire;VAL;;;;;Blanc;3;Melon;MEL;;L387;Vins Tranquilles;3,75;2015-08-01;C;0;2015-08-01;C;;;;;;;;;;;3B009 DK; ;;%c% %g% %a% %l% %co% %ce% %m%;certification
inter-loire;IGP;IGP_VALDELOIRE;;TRANQ;Val de Loire;VAL;;;;;Blanc;3;Pinot blanc;PIN;;L387;Vins Tranquilles;3,75;2015-08-01;C;0;2015-08-01;C;;;;;;;;;;;3B009 59; ;;%c% %g% %a% %l% %co% %ce% %m%;certification
inter-loire;IGP;IGP_VALDELOIRE;;TRANQ;Val de Loire;VAL;;;;;Rouge;1;Multi cépage;MULTI;;L387;Vins Tranquilles;3,75;2015-08-01;C;0;2015-08-01;C;;;;;;;;;;;3R009 00; ;;%c% %g% %a% %l% %co% %ce% %m%;certification
inter-loire;IGP;IGP_VALDELOIRE;;TRANQ;Val de Loire;VAL;;;;;Rouge;1;Pinot noir;PIN;;L387;Vins Tranquilles;3,75;2015-08-01;C;0;2015-08-01;C;;;;;;;;;;;3R009 AB; ;;%c% %g% %a% %l% %co% %ce% %m%;certification
inter-loire;IGP;IGP_VALDELOIRE;;TRANQ;Val de Loire;VAL;;;;;Rouge;1;Cabernet franc ;CBF;;L387;Vins Tranquilles;3,75;2015-08-01;C;0;2015-08-01;C;;;;;;;;;;;3R009 BW; ;;%c% %g% %a% %l% %co% %ce% %m%;certification
inter-loire;IGP;IGP_VALDELOIRE;;TRANQ;Val de Loire;VAL;;;;;Rouge;1;Cabernet sauvignon ;CBS;;L387;Vins Tranquilles;3,75;2015-08-01;C;0;2015-08-01;C;;;;;;;;;;;3R009 BX; ;;%c% %g% %a% %l% %co% %ce% %m%;certification
inter-loire;IGP;IGP_VALDELOIRE;;TRANQ;Val de Loire;VAL;;;;;Rouge;1;Gamay noir;GAM;;L387;Vins Tranquilles;3,75;2015-08-01;C;0;2015-08-01;C;;;;;;;;;;;3R009 CM; ;;%c% %g% %a% %l% %co% %ce% %m%;certification
inter-loire;IGP;IGP_VALDELOIRE;;TRANQ;Val de Loire;VAL;;;;;Rouge;1;Grolleau noir;GRO;;L387;Vins Tranquilles;3,75;2015-08-01;C;0;2015-08-01;C;;;;;;;;;;;3R009 CT; ;;%c% %g% %a% %l% %co% %ce% %m%;certification
inter-loire;IGP;IGP_VALDELOIRE;;TRANQ;Val de Loire;VAL;;;;;Rouge;1;Cot;COT;;L387;Vins Tranquilles;3,75;2015-08-01;C;0;2015-08-01;C;;;;;;;;;;;3R009 CZ; ;;%c% %g% %a% %l% %co% %ce% %m%;certification
inter-loire;IGP;IGP_VALDELOIRE;;TRANQ;Val de Loire;VAL;;;;;Rouge;1;Merlot;MERL;;L387;Vins Tranquilles;3,75;2015-08-01;C;0;2015-08-01;C;;;;;;;;;;;3R009 DE; ;;%c% %g% %a% %l% %co% %ce% %m%;certification
inter-loire;IGP;IGP_VALDELOIRE;;TRANQ;Val de Loire;VAL;;;;;Rouge;1;Abouriou;ABO;;L387;Vins Tranquilles;3,75;2015-08-01;C;0;2015-08-01;C;;;;;;;;;;;3R009 35; ;;%c% %g% %a% %l% %co% %ce% %m%;certification
inter-loire;IGP;IGP_VALDELOIRE;;TRANQ;Val de Loire;VAL;;;;;Rouge;1;Pineau d'Aunis;PINAU;;L387;Vins Tranquilles;3,75;2015-08-01;C;0;2015-08-01;C;;;;;;;;;;;3R009 58; ;;%c% %g% %a% %l% %co% %ce% %m%;certification
inter-loire;IGP;IGP_VALDELOIRE;;TRANQ;Val de Loire;VAL;;;;;Rosé;2;Multi cépage;MULTI;;L387;Vins Tranquilles;3,75;2015-08-01;C;0;2015-08-01;C;;;;;;;;;;;3S009 00; ;;%c% %g% %a% %l% %co% %ce% %m%;certification
inter-loire;IGP;IGP_VALDELOIRE;;TRANQ;Val de Loire;VAL;;;;;Rosé;2;Pinot noir;PIN;;L387;Vins Tranquilles;3,75;2015-08-01;C;0;2015-08-01;C;;;;;;;;;;;3S009 AB; ;;%c% %g% %a% %l% %co% %ce% %m%;certification
inter-loire;IGP;IGP_VALDELOIRE;;TRANQ;Val de Loire;VAL;;;;;Rosé;2;Egiodola;EGI;;L387;Vins Tranquilles;3,75;2015-08-01;C;0;2015-08-01;C;;;;;;;;;;;3S009 AT; ;;%c% %g% %a% %l% %co% %ce% %m%;certification
inter-loire;IGP;IGP_VALDELOIRE;;TRANQ;Val de Loire;VAL;;;;;Rosé;2;Cabernet franc;CBF;;L387;Vins Tranquilles;3,75;2015-08-01;C;0;2015-08-01;C;;;;;;;;;;;3S009 BW; ;;%c% %g% %a% %l% %co% %ce% %m%;certification
inter-loire;IGP;IGP_VALDELOIRE;;TRANQ;Val de Loire;VAL;;;;;Rosé;2;Cabernet sauvignon;CBS;;L387;Vins Tranquilles;3,75;2015-08-01;C;0;2015-08-01;C;;;;;;;;;;;3S009 BX; ;;%c% %g% %a% %l% %co% %ce% %m%;certification
inter-loire;IGP;IGP_VALDELOIRE;;TRANQ;Val de Loire;VAL;;;;;Rosé;2;Gamay noir;GAM;;L387;Vins Tranquilles;3,75;2015-08-01;C;0;2015-08-01;C;;;;;;;;;;;3S009 CM; ;;%c% %g% %a% %l% %co% %ce% %m%;certification
inter-loire;IGP;IGP_VALDELOIRE;;TRANQ;Val de Loire;VAL;;;;;Rosé;2;Grolleau noir;GRO;;L387;Vins Tranquilles;3,75;2015-08-01;C;0;2015-08-01;C;;;;;;;;;;;3S009 CT; ;;%c% %g% %a% %l% %co% %ce% %m%;certification
inter-loire;IGP;IGP_VALDELOIRE;;TRANQ;Val de Loire;VAL;;;;;Rosé;2;Cot ;COT;;L387;Vins Tranquilles;3,75;2015-08-01;C;0;2015-08-01;C;;;;;;;;;;;3S009 CZ; ;;%c% %g% %a% %l% %co% %ce% %m%;certification
inter-loire;IGP;IGP_VALDELOIRE;;TRANQ;Val de Loire;VAL;;;;;Rosé;2;Merlot;MERL;;L387;Vins Tranquilles;3,75;2015-08-01;C;0;2015-08-01;C;;;;;;;;;;;3S009 DE; ;;%c% %g% %a% %l% %co% %ce% %m%;certification
inter-loire;IGP;IGP_VALDELOIRE;;TRANQ;Val de Loire;VAL;;;;;Rosé;2;Abouriou ;ABO;;L387;Vins Tranquilles;3,75;2015-08-01;C;0;2015-08-01;C;;;;;;;;;;;3S009 35; ;;%c% %g% %a% %l% %co% %ce% %m%;certification
inter-loire;IGP;IGP_VALDELOIRE;;TRANQ;Val de Loire;VAL;;;;;Rosé;2;Pineau d'Aunis;PINAU;;L387;Vins Tranquilles;3,75;2015-08-01;C;0; ;C;;;;;;;;;;;3S009 58; ;;%c% %g% %a% %l% %co% %ce% %m%;certification
inter-loire;IGP;IGP_HORSVALDELOIRE;;TRANQ;Côtes de la Charité;CDLC;;;;;Blanc;3;;MULTI;;L387;Vins Tranquilles;3,75;2015-08-01;C;-1;2015-08-01;C;;;;;;;;;;;3B582  ; ;;%c% %g% %a% %l% %co% %ce% %m%;certification
inter-loire;IGP;IGP_HORSVALDELOIRE;;TRANQ;Côtes de la Charité;CDLC;;;;;Blanc;3;Pinot gris;PIN;;L387;Vins Tranquilles;3,75;2015-08-01;C;-1;2015-08-01;C;;;;;;;;;;;3B582 AA; ;;%c% %g% %a% %l% %co% %ce% %m%;certification
inter-loire;IGP;IGP_HORSVALDELOIRE;;TRANQ;Côtes de la Charité;CDLC;;;;;Blanc;3;Sauvignon blanc;SAU;;L387;Vins Tranquilles;3,75;2015-08-01;C;-1;2015-08-01;C;;;;;;;;;;;3B582 AE; ;;%c% %g% %a% %l% %co% %ce% %m%;certification
inter-loire;IGP;IGP_HORSVALDELOIRE;;TRANQ;Côtes de la Charité;CDLC;;;;;Blanc;3;Chardonnay blanc;CHA;;L387;Vins Tranquilles;3,75;2015-08-01;C;-1;2015-08-01;C;;;;;;;;;;;3B582 CA; ;;%c% %g% %a% %l% %co% %ce% %m%;certification
inter-loire;IGP;IGP_HORSVALDELOIRE;;TRANQ;Côtes de la Charité;CDLC;;;;;Blanc;3;Multi cépage;MULTI;;L387;Vins Tranquilles;3,75;2015-08-01;C;-1;2015-08-01;C;;;;;;;;;;;3B582 00; ;;%c% %g% %a% %l% %co% %ce% %m%;certification
inter-loire;IGP;IGP_HORSVALDELOIRE;;TRANQ;Côtes de la Charité;CDLC;;;;;Blanc;3;Pinot blanc;PIN;;L387;Vins Tranquilles;3,75;2015-08-01;C;-1;2015-08-01;C;;;;;;;;;;;3B582 59; ;;%c% %g% %a% %l% %co% %ce% %m%;certification
inter-loire;IGP;IGP_HORSVALDELOIRE;;TRANQ;Côtes de la Charité;CDLC;;;;;Rouge;1;;;;L387;Vins Tranquilles;3,75;2015-08-01;C;-1;2015-08-01;C;;;;;;;;;;;3R582   ; ;;%c% %g% %a% %l% %co% %ce% %m%;certification
inter-loire;IGP;IGP_HORSVALDELOIRE;;TRANQ;Côtes de la Charité;CDLC;;;;;Rouge;1;Pinot noir;PIN;;L387;Vins Tranquilles;3,75;2015-08-01;C;-1;2015-08-01;C;;;;;;;;;;;3R582 AB; ;;%c% %g% %a% %l% %co% %ce% %m%;certification
inter-loire;IGP;IGP_HORSVALDELOIRE;;TRANQ;Côtes de la Charité;CDLC;;;;;Rouge;1;Gamay;GAM;;L387;Vins Tranquilles;3,75;2015-08-01;C;-1;2015-08-01;C;;;;;;;;;;;3R582 CM; ;;%c% %g% %a% %l% %co% %ce% %m%;certification
inter-loire;IGP;IGP_HORSVALDELOIRE;;TRANQ;Côtes de la Charité;CDLC;;;;;Rouge;1;Multi cépage;MULTI;;L387;Vins Tranquilles;3,75;2015-08-01;C;-1;2015-08-01;C;;;;;;;;;;;3R582 00; ;;%c% %g% %a% %l% %co% %ce% %m%;certification
inter-loire;IGP;IGP_HORSVALDELOIRE;;TRANQ;Côtes de la Charité;CDLC;;;;;Rosé;2;;;;L387;Vins Tranquilles;3,75;2015-08-01;C;-1;2015-08-01;C;;;;;;;;;;;3S582   ; ;;%c% %g% %a% %l% %co% %ce% %m%;certification
inter-loire;IGP;IGP_HORSVALDELOIRE;;TRANQ;Côtes de la Charité;CDLC;;;;;Rosé;2;Pinot noir;PIN;;L387;Vins Tranquilles;3,75;2015-08-01;C;-1;2015-08-01;C;;;;;;;;;;;3S582 AB; ;;%c% %g% %a% %l% %co% %ce% %m%;certification
inter-loire;IGP;IGP_HORSVALDELOIRE;;TRANQ;Côtes de la Charité;CDLC;;;;;Rosé;2;Gamay;GAM;;L387;Vins Tranquilles;3,75;2015-08-01;C;-1;2015-08-01;C;;;;;;;;;;;3S582 CM; ;;%c% %g% %a% %l% %co% %ce% %m%;certification
inter-loire;IGP;IGP_HORSVALDELOIRE;;TRANQ;Côtes de la Charité;CDLC;;;;;Rosé;2;Multi cépage;MULTI;;L387;Vins Tranquilles;3,75;2015-08-01;C;-1;2015-08-01;C;;;;;;;;;;;3S582 00; ;;%c% %g% %a% %l% %co% %ce% %m%;certification
inter-loire;IGP;IGP_HORSVALDELOIRE;;TRANQ;Côteaux de Tannay;CTXT;;;;;Blanc;3;;;;L387;Vins Tranquilles;3,75;2015-08-01;C;-1;2015-08-01;C;;;;;;;;;;;3B583   ; ;;%c% %g% %a% %l% %co% %ce% %m%;certification
inter-loire;IGP;IGP_HORSVALDELOIRE;;TRANQ;Côteaux de Tannay;CTXT;;;;;Blanc;3;Pinot gris;PIN;;L387;Vins Tranquilles;3,75;2015-08-01;C;-1;2015-08-01;C;;;;;;;;;;;3B583 AA; ;;%c% %g% %a% %l% %co% %ce% %m%;certification
inter-loire;IGP;IGP_HORSVALDELOIRE;;TRANQ;Côteaux de Tannay;CTXT;;;;;Blanc;3;Auxerrois;AUX;;L387;Vins Tranquilles;3,75;2015-08-01;C;-1;2015-08-01;C;;;;;;;;;;;3B583 AZ; ;;%c% %g% %a% %l% %co% %ce% %m%;certification
inter-loire;IGP;IGP_HORSVALDELOIRE;;TRANQ;Côteaux de Tannay;CTXT;;;;;Blanc;3;Chardonnay blanc;CHA;;L387;Vins Tranquilles;3,75;2015-08-01;C;-1;2015-08-01;C;;;;;;;;;;;3B583 CA; ;;%c% %g% %a% %l% %co% %ce% %m%;certification
inter-loire;IGP;IGP_HORSVALDELOIRE;;TRANQ;Côteaux de Tannay;CTXT;;;;;Blanc;3;Melon blanc;MEL;;L387;Vins Tranquilles;3,75;2015-08-01;C;-1;2015-08-01;C;;;;;;;;;;;3B583 DK; ;;%c% %g% %a% %l% %co% %ce% %m%;certification
inter-loire;IGP;IGP_HORSVALDELOIRE;;TRANQ;Côteaux de Tannay;CTXT;;;;;Blanc;3;Multi cépage;MULTI;;L387;Vins Tranquilles;3,75;2015-08-01;C;-1;2015-08-01;C;;;;;;;;;;;3B583 00; ;;%c% %g% %a% %l% %co% %ce% %m%;certification
inter-loire;IGP;IGP_HORSVALDELOIRE;;TRANQ;Côteaux de Tannay;CTXT;;;;;Blanc;3;Pinot blanc;PIN;;L387;Vins Tranquilles;3,75;2015-08-01;C;-1;2015-08-01;C;;;;;;;;;;;3B583 59; ;;%c% %g% %a% %l% %co% %ce% %m%;certification
inter-loire;IGP;IGP_HORSVALDELOIRE;;TRANQ;Côteaux de Tannay;CTXT;;;;;Rouge;1;;;;L387;Vins Tranquilles;3,75;2015-08-01;C;-1;2015-08-01;C;;;;;;;;;;;3R583   ; ;;%c% %g% %a% %l% %co% %ce% %m%;certification
inter-loire;IGP;IGP_HORSVALDELOIRE;;TRANQ;Côteaux de Tannay;CTXT;;;;;Rouge;1;Pinot noir;PIN;;L387;Vins Tranquilles;3,75;2015-08-01;C;-1;2015-08-01;C;;;;;;;;;;;3R583 AB; ;;%c% %g% %a% %l% %co% %ce% %m%;certification
inter-loire;IGP;IGP_HORSVALDELOIRE;;TRANQ;Côteaux de Tannay;CTXT;;;;;Rouge;1;Gamay noir;GAM;;L387;Vins Tranquilles;3,75;2015-08-01;C;-1;2015-08-01;C;;;;;;;;;;;3R583 CM; ;;%c% %g% %a% %l% %co% %ce% %m%;certification
inter-loire;IGP;IGP_HORSVALDELOIRE;;TRANQ;Côteaux de Tannay;CTXT;;;;;Rouge;1;Multi cépage;MULTI;;L387;Vins Tranquilles;3,75;2015-08-01;C;-1;2015-08-01;C;;;;;;;;;;;3R583 00; ;;%c% %g% %a% %l% %co% %ce% %m%;certification
inter-loire;IGP;IGP_HORSVALDELOIRE;;TRANQ;Côteaux de Tannay;CTXT;;;;;Rosé;2;;;;L387;Vins Tranquilles;3,75;2015-08-01;C;-1;2015-08-01;C;;;;;;;;;;;3S583   ; ;;%c% %g% %a% %l% %co% %ce% %m%;certification
inter-loire;IGP;IGP_HORSVALDELOIRE;;TRANQ;Côteaux de Tannay;CTXT;;;;;Rosé;2;Pinot noir;PIN;;L387;Vins Tranquilles;3,75;2015-08-01;C;-1;2015-08-01;C;;;;;;;;;;;3S583 AB; ;;%c% %g% %a% %l% %co% %ce% %m%;certification
inter-loire;IGP;IGP_HORSVALDELOIRE;;TRANQ;Côteaux de Tannay;CTXT;;;;;Rosé;2;Gamay noir;GAM;;L387;Vins Tranquilles;3,75;2015-08-01;C;-1;2015-08-01;C;;;;;;;;;;;3S583 CM; ;;%c% %g% %a% %l% %co% %ce% %m%;certification
inter-loire;IGP;IGP_HORSVALDELOIRE;;TRANQ;Côteaux de Tannay;CTXT;;;;;Rosé;2;Multi cépage;MULTI;;L387;Vins Tranquilles;3,75;2015-08-01;C;-1;2015-08-01;C;;;;;;;;;;;3S583 00; ;;%c% %g% %a% %l% %co% %ce% %m%;certification
inter-loire;Vins sans IG;VINSSIG;;TRANQ;;SIG;;;;;Blanc;3;;;;L387;Vins Tranquilles;3,75;2015-08-01;C;-1;;C;;;;;;;;;;;4B999   ; ;;%c% %a% %g% %l% %m%;certification
inter-loire;Vins sans IG;VINSSIG;Mousseux;EFF;;SIG;;;;;Blanc;3;;;;L385;Vins Mousseux;9,29;2015-08-01;C;-1;;C;;;;;;;;;;;4B999M  ; ;;%c% %a% %g% %l% %m%;certification
inter-loire;Vins sans IG;VINSSIG;;TRANQ;;SIG;;;;;Rouge;1;;;;L387;Vins Tranquilles;3,75;2015-08-01;C;-1;;C;;;;;;;;;;;4R999   ; ;;%c% %a% %g% %l% %m%;certification
inter-loire;Vins sans IG;VINSSIG;Mousseux;EFF;;SIG;;;;;Rouge;1;;;;L385;Vins Mousseux;9,29;2015-08-01;C;-1;;C;;;;;;;;;;;4R999M  ; ;;%c% %a% %g% %l% %m%;certification
inter-loire;Vins sans IG;VINSSIG;;TRANQ;;SIG;;;;;Rosé;2;;;;L387;Vins Tranquilles;3,75;2015-08-01;C;-1;;C;;;;;;;;;;;4S999   ; ;;%c% %a% %l% %g% %m%;certification
inter-loire;Vins sans IG;VINSSIG;Mousseux;EFF;;SIG;;;;;Rosé;2;;;;L385;Vins Mousseux;9,29;2015-08-01;C;-1;;C;;;;;;;;;;;4S999M  ; ;;%c% %a% %g% %l% %m%;certification
